timestamp,net,gross,position,turnover
2018-01-22 00:00:00+00:00,0.0,0.0,0.0,0.0
2018-01-23 00:00:00+00:00,-0.0009881857534171472,-0.00038818575341714734,1.0,1.0
2018-01-24 00:00:00+00:00,0.0004237514140648102,0.0004237514140648102,1.0,0.0
2018-01-25 00:00:00+00:00,0.01157798027237078,0.01157798027237078,1.0,0.0
2018-01-26 00:00:00+00:00,-0.006630200161448885,-0.006630200161448885,1.0,0.0
2018-01-29 00:00:00+00:00,-0.010256751534141295,-0.010256751534141295,1.0,0.0
2018-01-30 00:00:00+00:00,0.0004967035711087586,0.0004967035711087586,1.0,0.0
2018-01-31 00:00:00+00:00,-0.0011349085463601138,-0.0011349085463601138,1.0,0.0
2018-02-01 00:00:00+00:00,-0.021770102331894137,-0.021770102331894137,1.0,0.0
2018-02-02 00:00:00+00:00,-0.04182281313648284,-0.04182281313648284,1.0,0.0
2018-02-05 00:00:00+00:00,0.016239166220624088,0.016341516364811178,0.8294164263548508,0.1705835736451492
2018-02-06 00:00:00+00:00,-0.0030222415194683986,-0.002838534163955742,0.5232375005004231,0.30617892585442774
2018-02-07 00:00:00+00:00,-0.018276331713012683,-0.018254389170821728,0.4866665968488313,0.03657090365159177
2018-02-08 00:00:00+00:00,0.007299786737065571,0.007300200308263898,0.48597731151828677,0.0006892853305445201
2018-02-09 00:00:00+00:00,0.00600200995983845,0.00604654089925625,0.41175907915528726,0.07421823236299951
2018-02-12 00:00:00+00:00,0.0009943970449761514,0.001000175145177148,0.4021289121536266,0.009630167001660639
2018-02-13 00:00:00+00:00,0.005302577574863529,0.005307888499226327,0.3932773715489643,0.008851540604662311
2018-02-14 00:00:00+00:00,0.00500807852290736,0.005008527889968724,0.3925284264466909,0.0007489451022734128
2018-02-15 00:00:00+00:00,0.0001113743819911527,0.00011387385678739448,0.38836263511962127,0.004165791327069623
2018-02-16 00:00:00+00:00,-0.0023892746364918872,-0.002384780652701045,0.380872662134884,0.007489972984737248
2018-02-20 00:00:00+00:00,-0.0019006711654910445,-0.0019000129423543102,0.3819697006961078,0.0010970385612237843
2018-02-21 00:00:00+00:00,0.0004969357280717383,0.0004985364898360022,0.3846376369698809,0.002667936273773097
2018-02-22 00:00:00+00:00,0.0061363380831418735,0.006136549827074176,0.3849905435237185,0.0003529065538375731
2018-02-23 00:00:00+00:00,0.004466460478613062,0.0044666646712012885,0.3846502225433402,0.0003403209803782836
2018-02-26 00:00:00+00:00,-0.004670215731069695,-0.004663512911453854,0.3734788565169388,0.011171366026401397
2018-02-27 00:00:00+00:00,-0.0037829757346713646,-0.003782957259585947,0.3734480647079091,3.0791809029706574e-05
2018-02-28 00:00:00+00:00,-0.005385694208914532,-0.005383774329636603,0.3702482659113597,0.0031997987965494135
2018-03-01 00:00:00+00:00,0.0019088888955059418,0.0019089325103005055,0.3703209572356324,7.269132427273339e-05
2018-03-02 00:00:00+00:00,0.00422029821663246,0.004223252596383481,0.3653969909839316,0.004923966251700829
2018-03-05 00:00:00+00:00,0.0009209671245318406,0.0009220074305100229,0.3636631476869612,0.0017338432969704054
2018-03-06 00:00:00+00:00,-0.0001414653970577172,-0.00013642906973214045,0.37205702656292244,0.00839387887596127
2018-03-07 00:00:00+00:00,0.0021509630037115177,0.002200569762438563,0.454734957774665,0.08267793121174255
2018-03-08 00:00:00+00:00,0.008293650957923492,0.008307229430223138,0.47736574494074124,0.02263078716607625
2018-03-09 00:00:00+00:00,-0.0006027961700491218,-0.0006016279911538179,0.4793127097662478,0.0019469648255065475
2018-03-12 00:00:00+00:00,-0.004176178236445555,-0.004084546426113529,0.6320323936529588,0.15271968388671103
2018-03-13 00:00:00+00:00,-0.0033504672313299086,-0.003339283877025508,0.6506713174936262,0.018638923840667343
2018-03-14 00:00:00+00:00,-0.0007280496116737396,-0.0007212096341083265,0.6620712801026479,0.011399962609021763
2018-03-15 00:00:00+00:00,0.0007021769559250912,0.0007078203440918411,0.6526656331580648,0.009405646944583124
2018-03-16 00:00:00+00:00,-0.009219076738347126,-0.009202586793471303,0.6801488746177707,0.02748324145970593
2018-03-19 00:00:00+00:00,0.001191967021212055,0.0012113265550379726,0.7124147643276333,0.03226588970986255
2018-03-20 00:00:00+00:00,-0.001313203965994643,-0.0012887339730927086,0.6716314428244095,0.040783321503223835
2018-03-21 00:00:00+00:00,-0.016975420630191397,-0.016971052386081258,0.6789118496746442,0.0072804068502347885
2018-03-22 00:00:00+00:00,-0.014573994052046504,-0.014571164337756511,0.6836280401579645,0.004716190483320282
2018-03-23 00:00:00+00:00,0.015889977083523247,0.015950351352675737,0.5830042582371482,0.10062378192081634
2018-03-26 00:00:00+00:00,-0.00979936404418994,-0.009795028461084777,0.5757782863952114,0.00722597184193674
2018-03-27 00:00:00+00:00,-0.0015326234381427492,-0.0014896770597695283,0.5042009891065099,0.07157729728870155
2018-03-28 00:00:00+00:00,0.006316782006654719,0.006322416358477152,0.49481040273578886,0.009390586370721044
2018-03-29 00:00:00+00:00,-0.010794965977298161,-0.010791863388197726,0.49998138456984564,0.005170981834056787
2018-04-02 00:00:00+00:00,0.0063851421156868385,0.006386175556642999,0.4982589829762446,0.0017224015936010417
2018-04-03 00:00:00+00:00,0.005014432203213253,0.005031235173951183,0.47025403174636193,0.02800495122988267
2018-04-04 00:00:00+00:00,0.003690695203075264,0.0036921502300112682,0.46782898685302177,0.002425044893340167
2018-04-05 00:00:00+00:00,-0.010232837753061212,-0.010227494401235082,0.45892340047613717,0.0089055863768846
2018-04-06 00:00:00+00:00,0.002233088937310222,0.0022362131513536786,0.45371637707037593,0.005207023405761235
2018-04-09 00:00:00+00:00,0.006853236926247809,0.006866358850270471,0.4318465036992736,0.021869873371102355
2018-04-10 00:00:00+00:00,-0.0023792552342914598,-0.0023674028420823078,0.4516004907145268,0.019753987015253216
2018-04-11 00:00:00+00:00,0.0035438264637762,0.003555485512897945,0.4321687421782847,0.019431748536242077
2018-04-12 00:00:00+00:00,-0.0012693041972893274,-0.0012690115868483195,0.43265642624663136,0.0004876840683466499
2018-04-13 00:00:00+00:00,0.003515928962650927,0.0035187317208996978,0.4279851624986802,0.004671263747951182
2018-04-16 00:00:00+00:00,0.004577665375205986,0.00457772722249245,0.4278820836879065,0.00010307881077370462
2018-04-17 00:00:00+00:00,0.00031094367897755674,0.00031356976514332325,0.42350527341162897,0.00437681027627751
2018-04-18 00:00:00+00:00,-0.002362423510251236,-0.0023611560105653772,0.4256177728880604,0.0021124994764314398
2018-04-19 00:00:00+00:00,-0.0036102097162699675,-0.0036101392797001156,0.42573516717114657,0.00011739428308615851
2018-04-20 00:00:00+00:00,-6.424312571875053e-05,-6.343511206298378e-05,0.42438847774486865,0.0013466894262779139
2018-04-23 00:00:00+00:00,-0.00616047531990699,-0.006141495259673491,0.45602191146736615,0.031633433722497495
2018-04-24 00:00:00+00:00,0.0011935557944117638,0.0012148177339701865,0.49145847739807075,0.0354365659307046
2018-04-25 00:00:00+00:00,0.0054358782777931955,0.0054634716094132535,0.5374473634315003,0.0459888860334296
2018-04-26 00:00:00+00:00,0.0005155306241131159,0.0005350241584358247,0.5699365873026817,0.03248922387118136
2018-04-27 00:00:00+00:00,-0.004324139109787665,-0.004319145646405851,0.5616141483329901,0.008322438969691648
2018-04-30 00:00:00+00:00,0.0010180022510726733,0.0010282320495203657,0.5786638124124774,0.01704966407948738
2018-05-01 00:00:00+00:00,-0.004368103295851345,-0.004328671314742693,0.6443837809268976,0.06571996851442019
2018-05-02 00:00:00+00:00,-0.0014921284816281296,-0.0014767332484761663,0.6700425028468365,0.0256587219199389
2018-05-03 00:00:00+00:00,0.008814187957065754,0.008820954733519955,0.6813204636038375,0.011277960757000938
2018-05-04 00:00:00+00:00,0.002342919896666553,0.0023510971463227945,0.6949492130309071,0.013628749427069597
2018-05-07 00:00:00+00:00,-5.713235255313161e-05,0.0,0.7901698006194597,0.09522058758855267
2018-05-08 00:00:00+00:00,0.00766502813210144,0.007666837759177086,0.7931858457455365,0.003016045126076783
2018-05-09 00:00:00+00:00,0.008192518881511804,0.008245703744580857,0.8818272841939572,0.08864143844842065
2018-05-10 00:00:00+00:00,-0.0005290963705163743,0.0,0.0,0.8818272841939572
2018-05-11 00:00:00+00:00,0.0,0.0,0.0,0.0
2018-05-14 00:00:00+00:00,-0.0,-0.0,0.0,0.0
2018-05-15 00:00:00+00:00,0.0,0.0,0.0,0.0
2018-05-16 00:00:00+00:00,-0.0013056896170105783,-0.0007635260047237304,0.90360602047808,0.90360602047808
2018-05-17 00:00:00+00:00,-0.000542163612286848,-0.0,0.0,0.90360602047808
2018-05-18 00:00:00+00:00,0.006318286371130206,0.006866232376392241,0.9132433421033924,0.9132433421033924
2018-05-21 00:00:00+00:00,-0.002674891848578007,-0.002650775046778429,0.9534380117693553,0.04019466966596286
2018-05-22 00:00:00+00:00,-0.0005720628070616131,0.0,0.0,0.9534380117693553
2018-05-23 00:00:00+00:00,-0.002648310723113067,-0.002048310723113067,1.0,1.0
2018-05-24 00:00:00+00:00,-0.0023831358206559683,-0.0023831358206559683,1.0,0.0
2018-05-25 00:00:00+00:00,-0.01150058760199546,-0.01150058760199546,1.0,0.0
2018-05-29 00:00:00+00:00,0.013344377607082958,0.013344377607082958,1.0,0.0
2018-05-30 00:00:00+00:00,-0.006125959278726056,-0.006125959278726056,1.0,0.0
2018-05-31 00:00:00+00:00,-0.0006,0.0,0.0,1.0
2018-06-01 00:00:00+00:00,0.003949916670368309,0.004520850590812719,0.9515565340740164,0.9515565340740164
2018-06-04 00:00:00+00:00,0.0006566728337611928,0.0006727468187469465,0.9247665590977601,0.026789974976256348
2018-06-05 00:00:00+00:00,0.008248472296096217,0.008288418739462834,0.9913439647087873,0.06657740561102721
2018-06-06 00:00:00+00:00,-0.00010833353024269041,-0.00010738539846695286,0.9929241843350165,0.001580219626229229
2018-06-07 00:00:00+00:00,0.0028447609528914676,0.002860055490788444,0.9674332878400558,0.025490896494960724
2018-06-08 00:00:00+00:00,0.001310488676631322,0.0013300287039272884,1.0,0.03256671215994422
2018-06-11 00:00:00+00:00,0.0012924655603014923,0.0012924655603014923,1.0,0.0
2018-06-12 00:00:00+00:00,-0.0031911497126196897,-0.0031911497126196897,1.0,0.0
2018-06-13 00:00:00+00:00,0.0025176314837307423,0.0025176314837307423,1.0,0.0
2018-06-14 00:00:00+00:00,-0.001275529296212996,-0.001275529296212996,1.0,0.0
2018-06-15 00:00:00+00:00,-0.002056687000123736,-0.002056687000123736,1.0,0.0
2018-06-18 00:00:00+00:00,-0.0038327659016007543,-0.0038327659016007543,1.0,0.0
2018-06-19 00:00:00+00:00,-0.0006,0.0,0.0,1.0
2018-06-20 00:00:00+00:00,-0.006868439410508364,-0.006268439410508364,1.0,1.0
2018-06-21 00:00:00+00:00,-0.0006,0.0,0.0,1.0
2018-06-22 00:00:00+00:00,-0.0,-0.0,0.0,0.0
2018-06-25 00:00:00+00:00,0.0,0.0,0.0,0.0
2018-06-26 00:00:00+00:00,-0.008532806033005663,-0.007956534940125916,0.9604518214662454,0.9604518214662454
2018-06-27 00:00:00+00:00,-0.0005762710928797472,0.0,0.0,0.9604518214662454
2018-06-28 00:00:00+00:00,0.0008396724196517053,0.0014396724196517052,1.0,1.0
2018-06-29 00:00:00+00:00,-0.0006,0.0,0.0,1.0
2018-07-02 00:00:00+00:00,-0.0041314710893809,-0.0035314710893809,1.0,1.0
2018-07-03 00:00:00+00:00,-0.0006,0.0,0.0,1.0
2018-07-05 00:00:00+00:00,0.0,0.0,0.0,0.0
2018-07-06 00:00:00+00:00,0.0,0.0,0.0,0.0
2018-07-09 00:00:00+00:00,0.0,0.0,0.0,0.0
2018-07-10 00:00:00+00:00,-0.0,-0.0,0.0,0.0
2018-07-11 00:00:00+00:00,0.0,0.0,0.0,0.0
2018-07-12 00:00:00+00:00,0.00018765202461372757,0.0007876520246137275,1.0,1.0
2018-07-13 00:00:00+00:00,-0.0006,-0.0,0.0,1.0
2018-07-16 00:00:00+00:00,0.0,0.0,0.0,0.0
2018-07-17 00:00:00+00:00,0.0015040274788779458,0.0021040274788779456,1.0,1.0
2018-07-18 00:00:00+00:00,-0.0037715225185164236,-0.0037715225185164236,1.0,0.0
2018-07-19 00:00:00+00:00,-0.0006,-0.0,0.0,1.0
2018-07-20 00:00:00+00:00,0.0012592337248186654,0.0018592337248186652,1.0,1.0
2018-07-23 00:00:00+00:00,0.0050323024525900095,0.0050323024525900095,1.0,0.0
2018-07-24 00:00:00+00:00,-0.0006,0.0,0.0,1.0
2018-07-25 00:00:00+00:00,-0.0,-0.0,0.0,0.0
2018-07-26 00:00:00+00:00,-0.0073766539854294814,-0.006776653985429482,1.0,1.0
2018-07-27 00:00:00+00:00,-0.0006,-0.0,0.0,1.0
2018-07-30 00:00:00+00:00,0.004329123685557313,0.004929123685557313,1.0,1.0
2018-07-31 00:00:00+00:00,-0.0016706762201673664,-0.0016706762201673664,1.0,0.0
2018-08-01 00:00:00+00:00,0.00544817259147079,0.00544817259147079,1.0,0.0
2018-08-02 00:00:00+00:00,0.004284351403599507,0.004284351403599507,1.0,0.0
2018-08-03 00:00:00+00:00,0.0036671306411872884,0.0036671306411872884,1.0,0.0
2018-08-06 00:00:00+00:00,-0.0006,0.0,0.0,1.0
2018-08-07 00:00:00+00:00,-0.0,-0.0,0.0,0.0
2018-08-08 00:00:00+00:00,-0.0,-0.0,0.0,0.0
2018-08-09 00:00:00+00:00,-0.0,-0.0,0.0,0.0
2018-08-10 00:00:00+00:00,-0.0,-0.0,0.0,0.0
2018-08-13 00:00:00+00:00,0.0057805654382913525,0.006380565438291352,1.0,1.0
2018-08-14 00:00:00+00:00,-0.007467468234333974,-0.007467468234333974,1.0,0.0
2018-08-15 00:00:00+00:00,-0.0006,0.0,0.0,1.0
2018-08-16 00:00:00+00:00,0.0029199485898333995,0.0035199485898333993,1.0,1.0
2018-08-17 00:00:00+00:00,0.00214021943899656,0.00214021943899656,1.0,0.0
2018-08-20 00:00:00+00:00,0.0023449905162720164,0.0023449905162720164,1.0,0.0
2018-08-21 00:00:00+00:00,-0.0006,-0.0,0.0,1.0
2018-08-22 00:00:00+00:00,-0.00192757041064524,-0.0013275704106452402,1.0,1.0
2018-08-23 00:00:00+00:00,0.006017768491004993,0.006017768491004993,1.0,0.0
2018-08-24 00:00:00+00:00,0.0078954517412122,0.0078954517412122,1.0,0.0
2018-08-27 00:00:00+00:00,0.0004834000149396278,0.0004834000149396278,1.0,0.0
2018-08-28 00:00:00+00:00,0.005380576803730275,0.005380576803730275,1.0,0.0
2018-08-29 00:00:00+00:00,-0.004048277069881756,-0.004048277069881756,1.0,0.0
2018-08-30 00:00:00+00:00,3.431406248455282e-05,3.431406248455282e-05,1.0,0.0
2018-08-31 00:00:00+00:00,-0.0017222931170489675,-0.0017222931170489675,1.0,0.0
2018-09-04 00:00:00+00:00,-0.0026913698476662695,-0.0026913698476662695,1.0,0.0
2018-09-05 00:00:00+00:00,-0.0030099493676893907,-0.0030099493676893907,1.0,0.0
2018-09-06 00:00:00+00:00,-0.0019430946993268527,-0.0019430946993268527,1.0,0.0
2018-09-07 00:00:00+00:00,0.0017384013395218556,0.0017384013395218556,1.0,0.0
2018-09-10 00:00:00+00:00,0.003297350275376365,0.003297350275376365,1.0,0.0
2018-09-11 00:00:00+00:00,-0.0006,0.0,0.0,1.0
2018-09-12 00:00:00+00:00,0.0,0.0,0.0,0.0
2018-09-13 00:00:00+00:00,0.0,0.0,0.0,0.0
2018-09-14 00:00:00+00:00,-0.0,-0.0,0.0,0.0
2018-09-17 00:00:00+00:00,0.0,0.0,0.0,0.0
2018-09-18 00:00:00+00:00,0.00046541508830138026,0.0010654150883013802,1.0,1.0
2018-09-19 00:00:00+00:00,-0.0006,0.0,0.0,1.0
2018-09-20 00:00:00+00:00,-0.0,-0.0,0.0,0.0
2018-09-21 00:00:00+00:00,-0.0039223715753907255,-0.0033223715753907257,1.0,1.0
2018-09-24 00:00:00+00:00,-0.0009275687535136301,-0.0009275687535136301,1.0,0.0
2018-09-25 00:00:00+00:00,-0.0029922894407173883,-0.0029922894407173883,1.0,0.0
2018-09-26 00:00:00+00:00,-0.0006,0.0,0.0,1.0
2018-09-27 00:00:00+00:00,-0.0004968329242259311,0.0001031670757740688,1.0,1.0
2018-09-28 00:00:00+00:00,-0.0006,0.0,0.0,1.0
2018-10-01 00:00:00+00:00,-0.0011823332945973368,-0.000582333294597337,1.0,1.0
2018-10-02 00:00:00+00:00,-0.0006,0.0,0.0,1.0
2018-10-03 00:00:00+00:00,-0.0,-0.0,0.0,0.0
2018-10-04 00:00:00+00:00,-0.0,-0.0,0.0,0.0
2018-10-05 00:00:00+00:00,-0.0006,0.0,1.0,1.0
2018-10-08 00:00:00+00:00,-0.001459575551185588,-0.001459575551185588,1.0,0.0
2018-10-09 00:00:00+00:00,-0.03166319874419343,-0.03166319874419343,1.0,0.0
2018-10-10 00:00:00+00:00,-0.022026403202620948,-0.022026403202620948,1.0,0.0
2018-10-11 00:00:00+00:00,0.010678405301278693,0.010811342159481624,0.7784385696617824,0.22156143033821762
2018-10-12 00:00:00+00:00,-0.003951290365342938,-0.003900913633119766,0.6944773492898294,0.08396122037195297
2018-10-15 00:00:00+00:00,0.014002461024501998,0.01403405106477786,0.6418272821633911,0.05265006712643827
2018-10-16 00:00:00+00:00,0.00011428066942455906,0.00011449054994633726,0.6414774812937608,0.0003498008696303234
2018-10-17 00:00:00+00:00,-0.008232317495564351,-0.008187608932108958,0.5669632088681064,0.07451427242565445
2018-10-18 00:00:00+00:00,-0.00030818941042758867,-0.00030790634778548557,0.5674349799382782,0.0004717710701718225
2018-10-19 00:00:00+00:00,-0.0025259221099633395,-0.0025226674298709484,0.5620105131176261,0.0054244668206521185
2018-10-22 00:00:00+00:00,-0.002860244120626012,-0.0028601402177292554,0.5618373416230316,0.00017317149459450398
2018-10-23 00:00:00+00:00,-0.01701327040939531,-0.01701307805301059,0.5615167476485009,0.0003205939745306585
2018-10-24 00:00:00+00:00,0.010071255908439544,0.010071338001812705,0.5613799253598988,0.0001368222886021231
2018-10-25 00:00:00+00:00,-0.008711980464144812,-0.008670967156886714,0.4930244132630686,0.06835551209683016
2018-10-26 00:00:00+00:00,-0.002577215219875221,-0.0025584662839149524,0.4617761866626206,0.031248226600448015
2018-10-29 00:00:00+00:00,0.0066804721154048044,0.006686790264098728,0.4512459388394153,0.01053024782320533
2018-10-30 00:00:00+00:00,0.004860811221692255,0.0048632550434535874,0.4553189751083016,0.004073036268886332
2018-10-31 00:00:00+00:00,0.004610160061973996,0.0046227154078801805,0.4343933985979936,0.02092557651030802
2018-11-01 00:00:00+00:00,-0.002519109612607339,-0.002513043907253032,0.42428388967414915,0.010109508923844435
2018-11-02 00:00:00+00:00,0.0022897964819638176,0.0022947962260847533,0.4159509828059228,0.008332906868226353
2018-11-05 00:00:00+00:00,0.0026314870866913733,0.0026315437376114694,0.41585656460576254,9.441820016026226e-05
2018-11-06 00:00:00+00:00,0.008841589446346432,0.0088432628678005,0.4130675288489835,0.0027890357567790236
2018-11-07 00:00:00+00:00,-0.0007456590859232673,-0.0007436326975532719,0.40969021489899127,0.0033773139499922444
2018-11-08 00:00:00+00:00,-0.004240718319804018,-0.004226896105795599,0.432727238246357,0.023037023347365737
2018-11-09 00:00:00+00:00,-0.00869056951303061,-0.00867174616716276,0.4640994813594396,0.03137224311308262
2018-11-12 00:00:00+00:00,-0.0008765980582547324,-0.0008745903347583658,0.46744568718671736,0.0033462058272777373
2018-11-13 00:00:00+00:00,-0.0030695316830048557,-0.003057371986619582,0.44717952654459464,0.02026616064212272
2018-11-14 00:00:00+00:00,0.00500172548220013,0.005022133078248262,0.48119218662481433,0.03401266008021969
2018-11-15 00:00:00+00:00,0.0012457333762194588,0.0012468016582314694,0.47941171660479653,0.0017804700200177992
2018-11-16 00:00:00+00:00,-0.008163484426052994,-0.008161620010452236,0.48251907593939364,0.003107359334597104
2018-11-19 00:00:00+00:00,-0.008917131670321396,-0.008916715482966063,0.4818254303471731,0.0006936455922205154
2018-11-20 00:00:00+00:00,0.0015718183622407628,0.001582296806963161,0.46436135580984284,0.017464074537330287
2018-11-21 00:00:00+00:00,-0.002994507199586711,-0.0029839518054532907,0.4467690322541426,0.01759232355570023
2018-11-23 00:00:00+00:00,0.008157894596948946,0.00819437197871378,0.5075646685288677,0.06079563627472512
2018-11-26 00:00:00+00:00,0.0017875562508751094,0.0018048902872874147,0.5364547292160432,0.02889006068717548
2018-11-27 00:00:00+00:00,0.012406638953036744,0.01240810081440481,0.538891164829485,0.0024364356134417564
2018-11-28 00:00:00+00:00,-0.001186787722354342,-0.0011847921714293157,0.5422170830378624,0.003325918208377465
2018-11-29 00:00:00+00:00,0.003114453870473518,0.003131537926469664,0.513743656377619,0.02847342666024344
2018-11-30 00:00:00+00:00,0.006899590794144445,0.006904192361029434,0.5214129345192668,0.007669278141647862
2018-12-03 00:00:00+00:00,-0.0171193414717916,-0.017115263976166365,0.5282087605613249,0.006795826042058084
2018-12-04 00:00:00+00:00,-0.0007922418978569743,-0.0007862939786386948,0.5182955618641925,0.009913198697132475
2018-12-06 00:00:00+00:00,-0.010313037388655865,-0.010267179443552484,0.4418656533585567,0.07642990850563575
2018-12-07 00:00:00+00:00,0.000841814066593674,0.0008434898561538211,0.4446586359588019,0.0027929826002451863
2018-12-10 00:00:00+00:00,9.898660516723474e-05,0.00010241013632922854,0.45036452122879156,0.005705885269989663
2018-12-11 00:00:00+00:00,0.002259990812217804,0.002260810917993688,0.44899767826898584,0.0013668429598057141
2018-12-12 00:00:00+00:00,-0.00015458921484894268,-0.00015306379104360342,0.4515400512778846,0.0025423730088987573
2018-12-13 00:00:00+00:00,-0.008627575225702825,-0.008618447645912207,0.46675268426224725,0.01521263298436265
2018-12-14 00:00:00+00:00,-0.009156590115035916,-0.00915657891587344,0.4667340189914535,1.8665270793749578e-05
2018-12-17 00:00:00+00:00,-0.000503562726240272,-0.0004935827783858878,0.45010077256747977,0.016633246423973735
2018-12-18 00:00:00+00:00,-0.00663354505876843,-0.00662907631977256,0.4426528742410311,0.007447898326448654
2018-12-19 00:00:00+00:00,-0.0072348675154348075,-0.007233818696470065,0.44440090584893466,0.001748031607903544
2018-12-20 00:00:00+00:00,-0.009166037907271154,-0.009164319622462684,0.4472647138630513,0.00286380801411662
2018-12-21 00:00:00+00:00,-0.011920161023456216,-0.011917892417580948,0.45104572365516576,0.003781009792114487
2018-12-24 00:00:00+00:00,0.022116825837199837,0.02212471411889691,0.4378985874933784,0.013147136161787365
2018-12-26 00:00:00+00:00,0.0031669040660652708,0.0031810388887270062,0.41434054972381906,0.023558037769559337
2018-12-27 00:00:00+00:00,-0.00047504598286354614,-0.00042341222603285917,0.32828428833934076,0.0860562613844783
2018-12-28 00:00:00+00:00,0.0028582832225410803,0.0028593782576280414,0.32645922986107256,0.0018250584782681933
2018-12-31 00:00:00+00:00,0.0003476049965575902,0.0003585110699307459,0.34463601881633216,0.018176788955259593
2019-01-02 00:00:00+00:00,-0.008119729014519973,-0.008117039533750496,0.3401535508672054,0.004482467949126767
2019-01-03 00:00:00+00:00,0.011462296027142205,0.011463546836951296,0.3422382338823582,0.0020846830151527995
2019-01-04 00:00:00+00:00,0.0026983712313147575,0.002698375048506963,0.3422445958693676,6.3619870094289155e-06
2019-01-07 00:00:00+00:00,0.0030486011435252886,0.003058623757029471,0.3255402400290636,0.016704355840303997
2019-01-08 00:00:00+00:00,0.001508225662277036,0.001509729746521992,0.32303343295413695,0.0025068070749266758
2019-01-09 00:00:00+00:00,0.0011627941382966278,0.0011675687041731557,0.33099104274835,0.00795760979421306
2019-01-10 00:00:00+00:00,0.00012734937207714393,0.00012767395589230232,0.33045006972308605,0.0005409730252639577
2019-01-11 00:00:00+00:00,-0.002013925865791105,-0.0020136892708662994,0.33005574484841027,0.0003943248746757777
2019-01-14 00:00:00+00:00,0.0037909558489248427,0.0037914054081930747,0.33080501029546355,0.0007492654470532822
2019-01-15 00:00:00+00:00,0.0007984594437407543,0.0007988405149720958,0.3301698915765611,0.0006351187189024277
2019-01-16 00:00:00+00:00,0.0025374509189545398,0.0025402415335961464,0.33482091597923896,0.004651024402677839
2019-01-17 00:00:00+00:00,0.00459676868186923,0.004603391906473603,0.34585962365319395,0.011038707673954984
2019-01-18 00:00:00+00:00,-0.004663582262836146,-0.004663157143154209,0.3451510908499648,0.0007085328032291338
2019-01-22 00:00:00+00:00,0.0007304387957494199,0.000733766556155982,0.3506973581942349,0.005546267344270106
2019-01-23 00:00:00+00:00,0.0001862183143396978,0.00018798299609374362,0.35363849445097795,0.0029411362567430266
2019-01-24 00:00:00+00:00,-0.00021218309667058675,0.0,0.0,0.35363849445097795
2019-01-25 00:00:00+00:00,-0.0,-0.0,0.0,0.0
2019-01-28 00:00:00+00:00,-0.0,-0.0,0.0,0.0
2019-01-29 00:00:00+00:00,0.0,0.0,0.0,0.0
2019-01-30 00:00:00+00:00,0.0,0.0,0.0,0.0
2019-01-31 00:00:00+00:00,0.0,0.0,0.0,0.0
2019-02-01 00:00:00+00:00,0.0,0.0,0.0,0.0
2019-02-04 00:00:00+00:00,0.0,0.0,0.0,0.0
2019-02-05 00:00:00+00:00,-0.0,-0.0,0.0,0.0
2019-02-06 00:00:00+00:00,-0.0,-0.0,0.0,0.0
2019-02-07 00:00:00+00:00,0.0,0.0,0.0,0.0
2019-02-08 00:00:00+00:00,0.0,0.0,0.0,0.0
2019-02-11 00:00:00+00:00,0.0,0.0,0.0,0.0
2019-02-12 00:00:00+00:00,0.0,0.0,0.0,0.0
2019-02-13 00:00:00+00:00,-0.0,-0.0,0.0,0.0
2019-02-14 00:00:00+00:00,0.0,0.0,0.0,0.0
2019-02-15 00:00:00+00:00,0.0,0.0,0.0,0.0
2019-02-19 00:00:00+00:00,0.0,0.0,0.0,0.0
2019-02-20 00:00:00+00:00,-0.0,-0.0,0.0,0.0
2019-02-21 00:00:00+00:00,0.0,0.0,0.0,0.0
2019-02-22 00:00:00+00:00,0.0,0.0,0.0,0.0
2019-02-25 00:00:00+00:00,-0.0,-0.0,0.0,0.0
2019-02-26 00:00:00+00:00,-0.0,-0.0,0.0,0.0
2019-02-27 00:00:00+00:00,-0.0,-0.0,0.0,0.0
2019-02-28 00:00:00+00:00,0.0,0.0,0.0,0.0
2019-03-01 00:00:00+00:00,-0.0,-0.0,0.0,0.0
2019-03-04 00:00:00+00:00,-0.0,-0.0,0.0,0.0
2019-03-05 00:00:00+00:00,-0.0,-0.0,0.0,0.0
2019-03-06 00:00:00+00:00,-0.0,-0.0,0.0,0.0
2019-03-07 00:00:00+00:00,-0.0,-0.0,0.0,0.0
2019-03-08 00:00:00+00:00,0.0,0.0,0.0,0.0
2019-03-11 00:00:00+00:00,0.0,0.0,0.0,0.0
2019-03-12 00:00:00+00:00,0.0,0.0,0.0,0.0
2019-03-13 00:00:00+00:00,-0.0,-0.0,0.0,0.0
2019-03-14 00:00:00+00:00,0.0,0.0,0.0,0.0
2019-03-15 00:00:00+00:00,0.0,0.0,0.0,0.0
2019-03-18 00:00:00+00:00,0.0,0.0,0.0,0.0
2019-03-19 00:00:00+00:00,-0.0,-0.0,0.0,0.0
2019-03-20 00:00:00+00:00,0.0,0.0,0.0,0.0
2019-03-21 00:00:00+00:00,-0.0,-0.0,0.0,0.0
2019-03-22 00:00:00+00:00,-0.0,-0.0,0.0,0.0
2019-03-25 00:00:00+00:00,0.0,0.0,0.0,0.0
2019-03-26 00:00:00+00:00,-0.0,-0.0,0.0,0.0
2019-03-27 00:00:00+00:00,0.0,0.0,0.0,0.0
2019-03-28 00:00:00+00:00,0.0,0.0,0.0,0.0
2019-03-29 00:00:00+00:00,0.0,0.0,0.0,0.0
2019-04-01 00:00:00+00:00,0.0,0.0,0.0,0.0
2019-04-02 00:00:00+00:00,0.0,0.0,0.0,0.0
2019-04-03 00:00:00+00:00,0.0,0.0,0.0,0.0
2019-04-04 00:00:00+00:00,0.0,0.0,0.0,0.0
2019-04-05 00:00:00+00:00,0.0,0.0,0.0,0.0
2019-04-08 00:00:00+00:00,-0.0,-0.0,0.0,0.0
2019-04-09 00:00:00+00:00,0.0,0.0,0.0,0.0
2019-04-10 00:00:00+00:00,-0.0,-0.0,0.0,0.0
2019-04-11 00:00:00+00:00,0.0,0.0,0.0,0.0
2019-04-12 00:00:00+00:00,-0.0,-0.0,0.0,0.0
2019-04-15 00:00:00+00:00,0.0,0.0,0.0,0.0
2019-04-16 00:00:00+00:00,-0.0,-0.0,0.0,0.0
2019-04-17 00:00:00+00:00,0.0,0.0,0.0,0.0
2019-04-18 00:00:00+00:00,0.0,0.0,0.0,0.0
2019-04-22 00:00:00+00:00,0.0,0.0,0.0,0.0
2019-04-23 00:00:00+00:00,-0.0,-0.0,0.0,0.0
2019-04-24 00:00:00+00:00,-0.0,-0.0,0.0,0.0
2019-04-25 00:00:00+00:00,0.0,0.0,0.0,0.0
2019-04-26 00:00:00+00:00,0.0,0.0,0.0,0.0
2019-04-29 00:00:00+00:00,0.0,0.0,0.0,0.0
2019-04-30 00:00:00+00:00,-0.0,-0.0,0.0,0.0
2019-05-01 00:00:00+00:00,-0.0,-0.0,0.0,0.0
2019-05-02 00:00:00+00:00,0.0,0.0,0.0,0.0
2019-05-03 00:00:00+00:00,-0.0,-0.0,0.0,0.0
2019-05-06 00:00:00+00:00,-0.0,-0.0,0.0,0.0
2019-05-07 00:00:00+00:00,-0.0,-0.0,0.0,0.0
2019-05-08 00:00:00+00:00,-0.0,-0.0,0.0,0.0
2019-05-09 00:00:00+00:00,0.0,0.0,0.0,0.0
2019-05-10 00:00:00+00:00,-0.0,-0.0,0.0,0.0
2019-05-13 00:00:00+00:00,0.0,0.0,0.0,0.0
2019-05-14 00:00:00+00:00,0.0,0.0,0.0,0.0
2019-05-15 00:00:00+00:00,0.0,0.0,0.0,0.0
2019-05-16 00:00:00+00:00,-0.0,-0.0,0.0,0.0
2019-05-17 00:00:00+00:00,-0.0,-0.0,0.0,0.0
2019-05-20 00:00:00+00:00,0.0,0.0,0.0,0.0
2019-05-21 00:00:00+00:00,-0.0,-0.0,0.0,0.0
2019-05-22 00:00:00+00:00,-0.0,-0.0,0.0,0.0
2019-05-23 00:00:00+00:00,0.0,0.0,0.0,0.0
2019-05-24 00:00:00+00:00,-0.0,-0.0,0.0,0.0
2019-05-28 00:00:00+00:00,-0.0,-0.0,0.0,0.0
2019-05-29 00:00:00+00:00,0.0,0.0,0.0,0.0
2019-05-30 00:00:00+00:00,-0.0,-0.0,0.0,0.0
2019-05-31 00:00:00+00:00,-0.0,-0.0,0.0,0.0
2019-06-03 00:00:00+00:00,0.0,0.0,0.0,0.0
2019-06-04 00:00:00+00:00,0.0,0.0,0.0,0.0
2019-06-05 00:00:00+00:00,0.0,0.0,0.0,0.0
2019-06-06 00:00:00+00:00,0.0,0.0,0.0,0.0
2019-06-07 00:00:00+00:00,0.0,0.0,0.0,0.0
2019-06-10 00:00:00+00:00,-0.0,-0.0,0.0,0.0
2019-06-11 00:00:00+00:00,-0.0,-0.0,0.0,0.0
2019-06-12 00:00:00+00:00,0.0,0.0,0.0,0.0
2019-06-13 00:00:00+00:00,-0.0,-0.0,0.0,0.0
2019-06-14 00:00:00+00:00,0.0,0.0,0.0,0.0
2019-06-17 00:00:00+00:00,0.0,0.0,0.0,0.0
2019-06-18 00:00:00+00:00,0.0,0.0,0.0,0.0
2019-06-19 00:00:00+00:00,0.0,0.0,0.0,0.0
2019-06-20 00:00:00+00:00,-0.0,-0.0,0.0,0.0
2019-06-21 00:00:00+00:00,-0.0,-0.0,0.0,0.0
2019-06-24 00:00:00+00:00,-0.0,-0.0,0.0,0.0
2019-06-25 00:00:00+00:00,-0.0,-0.0,0.0,0.0
2019-06-26 00:00:00+00:00,0.0,0.0,0.0,0.0
2019-06-27 00:00:00+00:00,0.0,0.0,0.0,0.0
2019-06-28 00:00:00+00:00,0.0,0.0,0.0,0.0
2019-07-01 00:00:00+00:00,0.0,0.0,0.0,0.0
2019-07-02 00:00:00+00:00,0.0,0.0,0.0,0.0
2019-07-03 00:00:00+00:00,-0.0,-0.0,0.0,0.0
2019-07-05 00:00:00+00:00,-0.0,-0.0,0.0,0.0
2019-07-08 00:00:00+00:00,0.0,0.0,0.0,0.0
2019-07-09 00:00:00+00:00,0.0,0.0,0.0,0.0
2019-07-10 00:00:00+00:00,0.0,0.0,0.0,0.0
2019-07-11 00:00:00+00:00,0.0,0.0,0.0,0.0
2019-07-12 00:00:00+00:00,0.0,0.0,0.0,0.0
2019-07-15 00:00:00+00:00,-0.0,-0.0,0.0,0.0
2019-07-16 00:00:00+00:00,-0.0,-0.0,0.0,0.0
2019-07-17 00:00:00+00:00,0.0,0.0,0.0,0.0
2019-07-18 00:00:00+00:00,-0.0,-0.0,0.0,0.0
2019-07-19 00:00:00+00:00,0.0,0.0,0.0,0.0
2019-07-22 00:00:00+00:00,0.0,0.0,0.0,0.0
2019-07-23 00:00:00+00:00,0.0,0.0,0.0,0.0
2019-07-24 00:00:00+00:00,-0.0,-0.0,0.0,0.0
2019-07-25 00:00:00+00:00,0.0,0.0,0.0,0.0
2019-07-26 00:00:00+00:00,-0.0,-0.0,0.0,0.0
2019-07-29 00:00:00+00:00,-0.0,-0.0,0.0,0.0
2019-07-30 00:00:00+00:00,-0.0,-0.0,0.0,0.0
2019-07-31 00:00:00+00:00,-0.0,-0.0,0.0,0.0
2019-08-01 00:00:00+00:00,-0.0,-0.0,0.0,0.0
2019-08-02 00:00:00+00:00,-0.0,-0.0,0.0,0.0
2019-08-05 00:00:00+00:00,0.0,0.0,0.0,0.0
2019-08-06 00:00:00+00:00,-6.706967485887831e-06,0.00043891003421359033,0.7426950028324636,0.7426950028324636
2019-08-07 00:00:00+00:00,-0.00044561700169947816,0.0,0.0,0.7426950028324636
2019-08-08 00:00:00+00:00,-0.0,-0.0,0.0,0.0
2019-08-09 00:00:00+00:00,-0.0,-0.0,0.0,0.0
2019-08-12 00:00:00+00:00,0.0,0.0,0.0,0.0
2019-08-13 00:00:00+00:00,-0.0,-0.0,0.0,0.0
2019-08-14 00:00:00+00:00,0.0,0.0,0.0,0.0
2019-08-15 00:00:00+00:00,0.006931502208386146,0.007225319013221039,0.48969467472482087,0.48969467472482087
2019-08-16 00:00:00+00:00,-0.0002938168048348925,0.0,0.0,0.48969467472482087
2019-08-19 00:00:00+00:00,-0.0,-0.0,0.0,0.0
2019-08-20 00:00:00+00:00,0.0,0.0,0.0,0.0
2019-08-21 00:00:00+00:00,-0.0,-0.0,0.0,0.0
2019-08-22 00:00:00+00:00,-0.0,-0.0,0.0,0.0
2019-08-23 00:00:00+00:00,0.0,0.0,0.0,0.0
2019-08-26 00:00:00+00:00,-0.0019508002966412898,-0.001692057387428326,0.4312381820216064,0.4312381820216064
2019-08-27 00:00:00+00:00,-0.0002587429092129638,0.0,0.0,0.4312381820216064
2019-08-28 00:00:00+00:00,0.0,0.0,0.0,0.0
2019-08-29 00:00:00+00:00,-0.0,-0.0,0.0,0.0
2019-08-30 00:00:00+00:00,-0.0,-0.0,0.0,0.0
2019-09-03 00:00:00+00:00,0.0,0.0,0.0,0.0
2019-09-04 00:00:00+00:00,0.0,0.0,0.0,0.0
2019-09-05 00:00:00+00:00,0.0,0.0,0.0,0.0
2019-09-06 00:00:00+00:00,0.0,0.0,0.0,0.0
2019-09-09 00:00:00+00:00,-0.0,-0.0,0.0,0.0
2019-09-10 00:00:00+00:00,0.0,0.0,0.0,0.0
2019-09-11 00:00:00+00:00,0.0,0.0,0.0,0.0
2019-09-12 00:00:00+00:00,-0.0,-0.0,0.0,0.0
2019-09-13 00:00:00+00:00,-0.0,-0.0,0.0,0.0
2019-09-16 00:00:00+00:00,0.0,0.0,0.0,0.0
2019-09-17 00:00:00+00:00,0.0,0.0,0.0,0.0
2019-09-18 00:00:00+00:00,-0.0,-0.0,0.0,0.0
2019-09-19 00:00:00+00:00,-0.0,-0.0,0.0,0.0
2019-09-20 00:00:00+00:00,-0.0,-0.0,0.0,0.0
2019-09-23 00:00:00+00:00,-0.0,-0.0,0.0,0.0
2019-09-24 00:00:00+00:00,0.0,0.0,0.0,0.0
2019-09-25 00:00:00+00:00,-0.0,-0.0,0.0,0.0
2019-09-26 00:00:00+00:00,-0.0,-0.0,0.0,0.0
2019-09-27 00:00:00+00:00,0.0,0.0,0.0,0.0
2019-09-30 00:00:00+00:00,-0.0,-0.0,0.0,0.0
2019-10-01 00:00:00+00:00,-0.0,-0.0,0.0,0.0
2019-10-02 00:00:00+00:00,0.0,0.0,0.0,0.0
2019-10-03 00:00:00+00:00,0.0,0.0,0.0,0.0
2019-10-04 00:00:00+00:00,-0.0,-0.0,0.0,0.0
2019-10-07 00:00:00+00:00,-0.0,-0.0,0.0,0.0
2019-10-08 00:00:00+00:00,0.0,0.0,0.0,0.0
2019-10-09 00:00:00+00:00,0.0,0.0,0.0,0.0
2019-10-10 00:00:00+00:00,0.0,0.0,0.0,0.0
2019-10-11 00:00:00+00:00,-0.0,-0.0,0.0,0.0
2019-10-14 00:00:00+00:00,0.0,0.0,0.0,0.0
2019-10-15 00:00:00+00:00,-0.0,-0.0,0.0,0.0
2019-10-16 00:00:00+00:00,0.0,0.0,0.0,0.0
2019-10-17 00:00:00+00:00,-0.0,-0.0,0.0,0.0
2019-10-18 00:00:00+00:00,0.0,0.0,0.0,0.0
2019-10-21 00:00:00+00:00,-0.0,-0.0,0.0,0.0
2019-10-22 00:00:00+00:00,0.0,0.0,0.0,0.0
2019-10-23 00:00:00+00:00,0.0,0.0,0.0,0.0
2019-10-24 00:00:00+00:00,0.0,0.0,0.0,0.0
2019-10-25 00:00:00+00:00,0.0,0.0,0.0,0.0
2019-10-28 00:00:00+00:00,-0.0,-0.0,0.0,0.0
2019-10-29 00:00:00+00:00,0.0,0.0,0.0,0.0
2019-10-30 00:00:00+00:00,-0.0,-0.0,0.0,0.0
2019-10-31 00:00:00+00:00,0.0,0.0,0.0,0.0
2019-11-01 00:00:00+00:00,0.0,0.0,0.0,0.0
2019-11-04 00:00:00+00:00,-0.0,-0.0,0.0,0.0
2019-11-05 00:00:00+00:00,0.0,0.0,0.0,0.0
2019-11-06 00:00:00+00:00,0.0,0.0,0.0,0.0
2019-11-07 00:00:00+00:00,0.0,0.0,0.0,0.0
2019-11-08 00:00:00+00:00,-0.0,-0.0,0.0,0.0
2019-11-11 00:00:00+00:00,0.0,0.0,0.0,0.0
2019-11-12 00:00:00+00:00,0.0,0.0,0.0,0.0
2019-11-13 00:00:00+00:00,0.0,0.0,0.0,0.0
2019-11-14 00:00:00+00:00,0.0,0.0,0.0,0.0
2019-11-15 00:00:00+00:00,0.0,0.0,0.0,0.0
2019-11-18 00:00:00+00:00,-0.0,-0.0,0.0,0.0
2019-11-19 00:00:00+00:00,-0.0,-0.0,0.0,0.0
2019-11-20 00:00:00+00:00,-0.0,-0.0,0.0,0.0
2019-11-21 00:00:00+00:00,0.0,0.0,0.0,0.0
2019-11-22 00:00:00+00:00,0.0,0.0,0.0,0.0
2019-11-25 00:00:00+00:00,0.0,0.0,0.0,0.0
2019-11-26 00:00:00+00:00,0.0,0.0,0.0,0.0
2019-11-27 00:00:00+00:00,-0.0,-0.0,0.0,0.0
2019-11-29 00:00:00+00:00,-0.0,-0.0,0.0,0.0
2019-12-02 00:00:00+00:00,-0.0,-0.0,0.0,0.0
2019-12-03 00:00:00+00:00,0.0,0.0,0.0,0.0
2019-12-04 00:00:00+00:00,0.0,0.0,0.0,0.0
2019-12-05 00:00:00+00:00,0.0,0.0,0.0,0.0
2019-12-06 00:00:00+00:00,-0.0,-0.0,0.0,0.0
2019-12-09 00:00:00+00:00,-0.0,-0.0,0.0,0.0
2019-12-10 00:00:00+00:00,0.0,0.0,0.0,0.0
2019-12-11 00:00:00+00:00,0.0,0.0,0.0,0.0
2019-12-12 00:00:00+00:00,0.0,0.0,0.0,0.0
2019-12-13 00:00:00+00:00,0.0,0.0,0.0,0.0
2019-12-16 00:00:00+00:00,0.0,0.0,0.0,0.0
2019-12-17 00:00:00+00:00,0.0,0.0,0.0,0.0
2019-12-18 00:00:00+00:00,0.0,0.0,0.0,0.0
2019-12-19 00:00:00+00:00,0.0,0.0,0.0,0.0
2019-12-20 00:00:00+00:00,0.0,0.0,0.0,0.0
2019-12-23 00:00:00+00:00,0.0,0.0,0.0,0.0
2019-12-24 00:00:00+00:00,0.0,0.0,0.0,0.0
2019-12-26 00:00:00+00:00,-0.0,-0.0,0.0,0.0
2019-12-27 00:00:00+00:00,-0.0,-0.0,0.0,0.0
2019-12-30 00:00:00+00:00,0.0,0.0,0.0,0.0
2019-12-31 00:00:00+00:00,0.0,0.0,0.0,0.0
2020-01-02 00:00:00+00:00,-0.0,-0.0,0.0,0.0
2020-01-03 00:00:00+00:00,0.0,0.0,0.0,0.0
2020-01-06 00:00:00+00:00,-0.0,-0.0,0.0,0.0
2020-01-07 00:00:00+00:00,0.0,0.0,0.0,0.0
2020-01-08 00:00:00+00:00,0.0,0.0,0.0,0.0
2020-01-09 00:00:00+00:00,-0.0,-0.0,0.0,0.0
2020-01-10 00:00:00+00:00,0.0,0.0,0.0,0.0
2020-01-13 00:00:00+00:00,-0.0,-0.0,0.0,0.0
2020-01-14 00:00:00+00:00,0.0,0.0,0.0,0.0
2020-01-15 00:00:00+00:00,0.0,0.0,0.0,0.0
2020-01-16 00:00:00+00:00,0.0,0.0,0.0,0.0
2020-01-17 00:00:00+00:00,-0.0,-0.0,0.0,0.0
2020-01-21 00:00:00+00:00,0.0,0.0,0.0,0.0
2020-01-22 00:00:00+00:00,0.0,0.0,0.0,0.0
2020-01-23 00:00:00+00:00,-0.0,-0.0,0.0,0.0
2020-01-24 00:00:00+00:00,-0.016629455223778743,-0.016029455223778744,1.0,1.0
2020-01-27 00:00:00+00:00,0.010478949888196754,0.010478949888196754,1.0,0.0
2020-01-28 00:00:00+00:00,-0.0008247799153857103,-0.0008220473262898176,0.9954456848401788,0.004554315159821187
2020-01-29 00:00:00+00:00,0.002997626448803818,0.003033948154318413,0.9349095089825206,0.06053617585765825
2020-01-30 00:00:00+00:00,-0.017362820603755276,-0.01735044747487139,0.9555313904556649,0.020621881473144366
2020-01-31 00:00:00+00:00,0.007083674208608922,0.007084770150328342,0.9537048209232984,0.0018265695323664843
2020-02-03 00:00:00+00:00,0.012640199062621439,0.012711984296794415,0.8340627639683386,0.11964205695495989
2020-02-04 00:00:00+00:00,0.009630495015115178,0.009630572198469706,0.8339341250441248,0.00012863892421377532
2020-02-05 00:00:00+00:00,0.002532293129777878,0.0025737154355610433,0.7648969487388488,0.06903717630527595
2020-02-06 00:00:00+00:00,-0.003956094840005883,-0.003940804638509153,0.7394132795776325,0.02548366916121636
2020-02-07 00:00:00+00:00,0.0055406121813333055,0.005542402222894924,0.7423966821803302,0.0029834026026976934
2020-02-10 00:00:00+00:00,0.0012794374196553326,0.0012812185514366457,0.739428129211475,0.0029685529688551204
2020-02-11 00:00:00+00:00,0.004719210716357679,0.004723014735950122,0.7330880965574027,0.006340032654072347
2020-02-12 00:00:00+00:00,-0.0007957230460952833,-0.0007907376040872001,0.7413971665708747,0.00830907001347203
2020-02-13 00:00:00+00:00,0.0011770159680874303,0.0011798884419549171,0.7366097101250635,0.0047874564458112445
2020-02-14 00:00:00+00:00,-0.001895152764630427,-0.001894250116434048,0.7351052964644318,0.0015044136606316982
2020-02-18 00:00:00+00:00,0.0035717231984950513,0.0035799269452837902,0.7487782077789967,0.01367291131456494
2020-02-19 00:00:00+00:00,-0.0030692663717202555,-0.00306808601605098,0.7468109483302042,0.001967259448792502
2020-02-20 00:00:00+00:00,-0.007672847507528249,-0.007671748301584693,0.7449789384242783,0.0018320099059259132
2020-02-21 00:00:00+00:00,-0.024486106704173668,-0.024482025082835066,0.7381762361932762,0.0068027022310021
2020-02-24 00:00:00+00:00,-0.021487976158167305,-0.021470190293278384,0.7085331280450747,0.02964310814820148
2020-02-25 00:00:00+00:00,-0.002112853554243279,-0.0020167125340550553,0.5482980943980357,0.16023503364703906
2020-02-26 00:00:00+00:00,-0.0220665757540561,-0.02203193388965607,0.4905616537313182,0.05773644066671746
2020-02-27 00:00:00+00:00,-0.0021205541555017835,-0.0021131277148010953,0.5029390548991319,0.012377401167813717
2020-02-28 00:00:00+00:00,0.01729453784264176,0.0173558398068972,0.40076911447339814,0.1021699404257338
2020-03-02 00:00:00+00:00,-0.011554713722491766,-0.011553077839747013,0.40349558571465305,0.002726471241254913
2020-03-03 00:00:00+00:00,0.014176891355675281,0.014216061498734205,0.3382120139497789,0.06528357176487415
2020-03-04 00:00:00+00:00,-0.010796337563683558,-0.010788132647122927,0.32453715301539343,0.013674860934385469
2020-03-05 00:00:00+00:00,-0.004844097456938536,-0.004824482239027642,0.2918451231639039,0.03269202985148956
2020-03-06 00:00:00+00:00,-0.021986681795640308,-0.02198045045712353,0.28145955896927216,0.010385564194631713
2020-03-09 00:00:00+00:00,0.014516715763049894,0.014517259071037694,0.28055404565627234,0.0009055133129998172
2020-03-10 00:00:00+00:00,-0.011117776564765074,-0.011085889969603092,0.22740972038630108,0.05314432526997126
2020-03-11 00:00:00+00:00,-0.019641209300929,-0.019627851465289902,0.20514666098780154,0.02226305939849954
2020-03-12 00:00:00+00:00,0.01682239021015448,0.016827372731885528,0.19684245810271908,0.008304202885082462
2020-03-13 00:00:00+00:00,-0.018609513854637116,-0.018593360664796513,0.1699204750350488,0.02692198306767027
2020-03-16 00:00:00+00:00,0.007846105164070636,0.00786070388776492,0.1455892688779091,0.024331206157139712
2020-03-17 00:00:00+00:00,-0.006589207381221368,-0.006579824430907471,0.12995101835474718,0.015638250523161923
2020-03-18 00:00:00+00:00,0.0002594333805968706,0.00026311693538916004,0.12381176036759811,0.006139257987149066
2020-03-19 00:00:00+00:00,-0.005285619929827368,-0.005284913923053646,0.12263508241139505,0.0011766779562030621
2020-03-20 00:00:00+00:00,-0.0031299547736975577,-0.0031298215009185858,0.12241296111310862,0.00022212129828642901
2020-03-23 00:00:00+00:00,0.011015824305912542,0.011016318787735018,0.12158882474231616,0.0008241363707924554
2020-03-24 00:00:00+00:00,0.0018234589210294313,0.0018235948755807715,0.12181541566121648,0.00022659091890031569
2020-03-25 00:00:00+00:00,0.00646331843602121,0.006469924262978082,0.11080570406642941,0.011009711594787072
2020-03-26 00:00:00+00:00,-0.003284956853284728,-0.0032846394013741056,0.11027661754872556,0.0005290865177038501
2020-03-27 00:00:00+00:00,0.003499768565057694,0.0035012477770116806,0.10781126429208125,0.0024653532566443065
2020-03-30 00:00:00+00:00,-0.0015998423815176345,-0.0015995435633335774,0.10731323398531929,0.0004980303067619596
2020-03-31 00:00:00+00:00,-0.004865668240991683,-0.004865194386693097,0.1081029911496311,0.0007897571643118023
2020-04-01 00:00:00+00:00,0.0025027168046315353,0.002502935002840631,0.10846665483145719,0.00036366368182609576
2020-04-02 00:00:00+00:00,-0.0015821461844731412,-0.0015815744668560962,0.10941951752653231,0.0009528626950751212
2020-04-03 00:00:00+00:00,0.007325839522487826,0.007326047258201863,0.10907329133647116,0.0003462261900611524
2020-04-06 00:00:00+00:00,0.00011121672425040283,0.0001112345620670713,0.10910302103091861,2.9729694447450106e-05
2020-04-07 00:00:00+00:00,0.0036787624792974745,0.0036790601433917716,0.10959912785474707,0.0004961068238284599
2020-04-08 00:00:00+00:00,0.0017046627730955628,0.0017061755761540545,0.1121204662855664,0.0025213384308193365
2020-04-09 00:00:00+00:00,-0.0010346841423945264,-0.0010340047382559774,0.11325280651648126,0.0011323402309148523
2020-04-13 00:00:00+00:00,0.0036568824357204243,0.0036634600760912257,0.12421554046781665,0.010962733951335388
2020-04-14 00:00:00+00:00,-0.002833205389295428,-0.002827881892888607,0.1330880344791849,0.008872494011368262
2020-04-15 00:00:00+00:00,0.0007518163646142716,0.0007674082714181423,0.1590745458189695,0.02598651133978458
2020-04-16 00:00:00+00:00,0.00439384168169005,0.004396030157364973,0.1627220052771752,0.003647459458205715
2020-04-17 00:00:00+00:00,-0.003056856075453907,-0.003050596262820827,0.17315502633230823,0.010433021055133024
2020-04-20 00:00:00+00:00,-0.005229945931981986,-0.005229388843982152,0.1722265463325851,0.0009284799997231197
2020-04-21 00:00:00+00:00,0.003984230622109179,0.003988725740326699,0.17971841002844993,0.0074918636958648255
2020-04-22 00:00:00+00:00,-1.3597865719591399e-05,-1.2747379303816468e-05,0.17830093266882505,0.0014174773596248857
2020-04-23 00:00:00+00:00,0.002896600791375731,0.0029151000662571776,0.20913305747123617,0.030832124802411126
2020-04-24 00:00:00+00:00,0.003016550720397094,0.00301660334742573,0.2092207691856297,8.771171439353465e-05
2020-04-27 00:00:00+00:00,-0.0010600878516658452,-0.0010487862282857565,0.22805680815244422,0.018836038966814517
2020-04-28 00:00:00+00:00,-0.00013683408489146654,0.0,0.0,0.22805680815244422
2020-04-29 00:00:00+00:00,-0.0,-0.0,0.0,0.0
2020-04-30 00:00:00+00:00,-0.0,-0.0,0.0,0.0
2020-05-01 00:00:00+00:00,0.0005861396205889527,0.0007490857200818351,0.2715768324881374,0.2715768324881374
2020-05-04 00:00:00+00:00,0.0023994389949676814,0.002406131502783647,0.26042265279486193,0.011154179693275479
2020-05-05 00:00:00+00:00,-0.00015625359167691717,-0.0,0.0,0.26042265279486193
2020-05-06 00:00:00+00:00,0.0,0.0,0.0,0.0
2020-05-07 00:00:00+00:00,0.0,0.0,0.0,0.0
2020-05-08 00:00:00+00:00,0.0,0.0,0.0,0.0
2020-05-11 00:00:00+00:00,-0.0,-0.0,0.0,0.0
2020-05-12 00:00:00+00:00,-0.0,-0.0,0.0,0.0
2020-05-13 00:00:00+00:00,0.0,0.0,0.0,0.0
2020-05-14 00:00:00+00:00,0.00146283356316091,0.0016824249225099893,0.3659855989151322,0.3659855989151322
2020-05-15 00:00:00+00:00,-0.00021959135934907935,0.0,0.0,0.3659855989151322
2020-05-18 00:00:00+00:00,-0.0,-0.0,0.0,0.0
2020-05-19 00:00:00+00:00,0.0,0.0,0.0,0.0
2020-05-20 00:00:00+00:00,-0.0030334717544856604,-0.0027909199315162233,0.40425303828239484,0.40425303828239484
2020-05-21 00:00:00+00:00,-0.0002425518229694369,0.0,0.0,0.40425303828239484
2020-05-22 00:00:00+00:00,0.0,0.0,0.0,0.0
2020-05-26 00:00:00+00:00,0.0,0.0,0.0,0.0
2020-05-27 00:00:00+00:00,-0.0,-0.0,0.0,0.0
2020-05-28 00:00:00+00:00,0.0,0.0,0.0,0.0
2020-05-29 00:00:00+00:00,0.0,0.0,0.0,0.0
2020-06-01 00:00:00+00:00,0.0,0.0,0.0,0.0
2020-06-02 00:00:00+00:00,0.0,0.0,0.0,0.0
2020-06-03 00:00:00+00:00,-0.0,-0.0,0.0,0.0
2020-06-04 00:00:00+00:00,0.0,0.0,0.0,0.0
2020-06-05 00:00:00+00:00,0.0,0.0,0.0,0.0
2020-06-08 00:00:00+00:00,-0.0,-0.0,0.0,0.0
2020-06-09 00:00:00+00:00,-0.0,-0.0,0.0,0.0
2020-06-10 00:00:00+00:00,-0.0,-0.0,0.0,0.0
2020-06-11 00:00:00+00:00,0.0,0.0,0.0,0.0
2020-06-12 00:00:00+00:00,0.003051094690098558,0.003260653011413333,0.3492638688579585,0.3492638688579585
2020-06-15 00:00:00+00:00,-0.0002095583213147751,0.0,0.0,0.3492638688579585
2020-06-16 00:00:00+00:00,-0.0,-0.0,0.0,0.0
2020-06-17 00:00:00+00:00,0.0,0.0,0.0,0.0
2020-06-18 00:00:00+00:00,-0.0,-0.0,0.0,0.0
2020-06-19 00:00:00+00:00,0.0,0.0,0.0,0.0
2020-06-22 00:00:00+00:00,0.0,0.0,0.0,0.0
2020-06-23 00:00:00+00:00,-0.0,-0.0,0.0,0.0
2020-06-24 00:00:00+00:00,0.0,0.0,0.0,0.0
2020-06-25 00:00:00+00:00,-0.0,-0.0,0.0,0.0
2020-06-26 00:00:00+00:00,0.0,0.0,0.0,0.0
2020-06-29 00:00:00+00:00,0.0,0.0,0.0,0.0
2020-06-30 00:00:00+00:00,0.0,0.0,0.0,0.0
2020-07-01 00:00:00+00:00,0.0,0.0,0.0,0.0
2020-07-02 00:00:00+00:00,0.0,0.0,0.0,0.0
2020-07-06 00:00:00+00:00,-0.0,-0.0,0.0,0.0
2020-07-07 00:00:00+00:00,0.0,0.0,0.0,0.0
2020-07-08 00:00:00+00:00,-0.0,-0.0,0.0,0.0
2020-07-09 00:00:00+00:00,0.0,0.0,0.0,0.0
2020-07-10 00:00:00+00:00,-0.0,-0.0,0.0,0.0
2020-07-13 00:00:00+00:00,0.0,0.0,0.0,0.0
2020-07-14 00:00:00+00:00,0.0,0.0,0.0,0.0
2020-07-15 00:00:00+00:00,-0.0,-0.0,0.0,0.0
2020-07-16 00:00:00+00:00,0.0,0.0,0.0,0.0
2020-07-17 00:00:00+00:00,0.0,0.0,0.0,0.0
2020-07-20 00:00:00+00:00,0.0,0.0,0.0,0.0
2020-07-21 00:00:00+00:00,0.0,0.0,0.0,0.0
2020-07-22 00:00:00+00:00,-0.0,-0.0,0.0,0.0
2020-07-23 00:00:00+00:00,-0.0,-0.0,0.0,0.0
2020-07-24 00:00:00+00:00,0.0,0.0,0.0,0.0
2020-07-27 00:00:00+00:00,-0.0,-0.0,0.0,0.0
2020-07-28 00:00:00+00:00,0.0,0.0,0.0,0.0
2020-07-29 00:00:00+00:00,-0.0,-0.0,0.0,0.0
2020-07-30 00:00:00+00:00,0.0,0.0,0.0,0.0
2020-07-31 00:00:00+00:00,0.0,0.0,0.0,0.0
2020-08-03 00:00:00+00:00,0.0,0.0,0.0,0.0
2020-08-04 00:00:00+00:00,0.0,0.0,0.0,0.0
2020-08-05 00:00:00+00:00,0.0,0.0,0.0,0.0
2020-08-06 00:00:00+00:00,0.0,0.0,0.0,0.0
2020-08-07 00:00:00+00:00,0.0,0.0,0.0,0.0
2020-08-10 00:00:00+00:00,-0.0,-0.0,0.0,0.0
2020-08-11 00:00:00+00:00,0.0,0.0,0.0,0.0
2020-08-12 00:00:00+00:00,-0.0,-0.0,0.0,0.0
2020-08-13 00:00:00+00:00,0.0,0.0,0.0,0.0
2020-08-14 00:00:00+00:00,0.0,0.0,0.0,0.0
2020-08-17 00:00:00+00:00,0.0,0.0,0.0,0.0
2020-08-18 00:00:00+00:00,-0.0,-0.0,0.0,0.0
2020-08-19 00:00:00+00:00,0.0,0.0,0.0,0.0
2020-08-20 00:00:00+00:00,0.0,0.0,0.0,0.0
2020-08-21 00:00:00+00:00,0.0,0.0,0.0,0.0
2020-08-24 00:00:00+00:00,0.0,0.0,0.0,0.0
2020-08-25 00:00:00+00:00,0.0,0.0,0.0,0.0
2020-08-26 00:00:00+00:00,0.0,0.0,0.0,0.0
2020-08-27 00:00:00+00:00,0.0,0.0,0.0,0.0
2020-08-28 00:00:00+00:00,-0.0,-0.0,0.0,0.0
2020-08-31 00:00:00+00:00,0.0,0.0,0.0,0.0
2020-09-01 00:00:00+00:00,0.0,0.0,0.0,0.0
2020-09-02 00:00:00+00:00,-0.0,-0.0,0.0,0.0
2020-09-03 00:00:00+00:00,-0.0,-0.0,0.0,0.0
2020-09-04 00:00:00+00:00,-0.017015195117032148,-0.016649575344481093,0.6093662875850914,0.6093662875850914
2020-09-08 00:00:00+00:00,0.011761416023179665,0.011769432001027234,0.5960063245058091,0.013359963079282222
2020-09-09 00:00:00+00:00,-0.008921334814022295,-0.008870242211278698,0.5108519865998137,0.08515433790599547
2020-09-10 00:00:00+00:00,0.00023288906424608893,0.00024758273102827756,0.48636254196283263,0.02448944463698105
2020-09-11 00:00:00+00:00,0.006275306232662012,0.006281006162060485,0.47686265963204383,0.0094998823307888
2020-09-14 00:00:00+00:00,0.00240969440256803,0.002409746862072039,0.4769500921387255,8.7432506681695e-05
2020-09-15 00:00:00+00:00,-0.0018524780774411707,-0.0018452697323326232,0.4649361836244795,0.012013908514245997
2020-09-16 00:00:00+00:00,-0.0040814904033437014,-0.004080931097885009,0.464004007859992,0.0009321757644875084
2020-09-17 00:00:00+00:00,-0.005331518701372126,-0.005330948920249319,0.46305437265531385,0.0009496352046781675
2020-09-18 00:00:00+00:00,-0.0051126546662934765,-0.005110313620045325,0.45915262890839437,0.0039017437469194838
2020-09-21 00:00:00+00:00,0.004602544192659233,0.004606639651201992,0.4523268646704638,0.006825764237930576
2020-09-22 00:00:00+00:00,-0.010386535109217766,-0.010383791835370576,0.4477547415918156,0.004572123078648183
2020-09-23 00:00:00+00:00,0.0011932294121814052,0.0011932723281411887,0.44768321499217656,7.152659963904906e-05
2020-09-24 00:00:00+00:00,0.006863073833711069,0.006876481531476415,0.4253370520499322,0.02234616294224434
2020-09-25 00:00:00+00:00,0.007180956207404007,0.007185321480947466,0.43261250795569717,0.007275455905764949
2020-09-28 00:00:00+00:00,-0.00025956750477341826,-0.0,0.0,0.43261250795569717
2020-09-29 00:00:00+00:00,0.0,0.0,0.0,0.0
2020-09-30 00:00:00+00:00,0.0023417221284509956,0.0025831328060382584,0.4023511293121045,0.4023511293121045
2020-10-01 00:00:00+00:00,-0.0038373813744263406,-0.0038363550968942266,0.40406159186562784,0.001710462553523362
2020-10-02 00:00:00+00:00,0.007326331457690329,0.007331970038124716,0.41345922592293943,0.009397634057311588
2020-10-05 00:00:00+00:00,-0.006710697344341707,-0.006676965329356213,0.4696792508987621,0.05622002497582268
2020-10-06 00:00:00+00:00,-0.00028180755053925727,0.0,0.0,0.4696792508987621
2020-10-07 00:00:00+00:00,0.00403874205052916,0.0043320327456846325,0.48881782525912026,0.48881782525912026
2020-10-08 00:00:00+00:00,-0.00029329069515547217,0.0,0.0,0.48881782525912026
2020-10-09 00:00:00+00:00,0.0,0.0,0.0,0.0
2020-10-12 00:00:00+00:00,-0.0036727720948466804,-0.0033635231684640645,0.5154148773043599,0.5154148773043599
2020-10-13 00:00:00+00:00,-0.0032020031109739376,-0.0031981353996808483,0.5089686918158774,0.006446185488482414
2020-10-14 00:00:00+00:00,-0.0006256508649356214,-0.0006223702719146704,0.5035010367809589,0.005467655034918528
2020-10-15 00:00:00+00:00,-0.0003041944101170888,-0.0003026112254445695,0.5008623956600934,0.002638641120865537
2020-10-16 00:00:00+00:00,-0.00775378938239255,-0.007748508374407568,0.5096640756350644,0.008801679974971055
2020-10-19 00:00:00+00:00,0.002098359777841604,0.002108384176069866,0.5263714060155016,0.016707330380437146
2020-10-20 00:00:00+00:00,-0.0009810333298051878,-0.0009739113562057107,0.5145014500163732,0.011869955999128434
2020-10-21 00:00:00+00:00,0.0028495862403599636,0.0028529395699375556,0.5200903326456933,0.005588882629320113
2020-10-22 00:00:00+00:00,0.0019691765853562166,0.0020128719786857052,0.5929159881948408,0.07282565554914755
2020-10-23 00:00:00+00:00,-0.0003557495929169045,-0.0,0.0,0.5929159881948408
2020-10-26 00:00:00+00:00,-0.0,-0.0,0.0,0.0
2020-10-27 00:00:00+00:00,-0.020550863708269553,-0.020196322988936276,0.5909011988887953,0.5909011988887953
2020-10-28 00:00:00+00:00,0.0060337128402341384,0.006035472611611336,0.5938341511841252,0.0029329522953298603
2020-10-29 00:00:00+00:00,-0.005096615414067513,-0.005029799865768087,0.48247490401841603,0.11135924716570916
2020-10-30 00:00:00+00:00,0.005347078197529586,0.005350159945073586,0.47733865811174947,0.005136245906666559
2020-11-02 00:00:00+00:00,0.008405982335354877,0.00840670138884426,0.4761402356294445,0.0011984224823049505
2020-11-03 00:00:00+00:00,0.010975025668102014,0.010984226531493895,0.49147500794924626,0.015334772319801737
2020-11-04 00:00:00+00:00,0.009363665041990186,0.009370272834423815,0.48046202055986387,0.01101298738938239
2020-11-05 00:00:00+00:00,-0.00011480259687194212,-0.00010665077639904689,0.4668756531050385,0.013586367454825388
2020-11-06 00:00:00+00:00,0.00562750912710743,0.005638405454875309,0.4487151068252391,0.018160546279799406
2020-11-09 00:00:00+00:00,-0.0006662741906470509,-0.0006639025113909181,0.4526679055854604,0.00395279876022131
2020-11-10 00:00:00+00:00,0.003404637367540683,0.0034083103311903047,0.45878951166816295,0.006121606082702569
2020-11-11 00:00:00+00:00,-0.004481249985812321,-0.004479477980589632,0.4617428537059781,0.0029533420378151654
2020-11-12 00:00:00+00:00,0.006402479419216974,0.006402925679914631,0.46248662153540676,0.0007437678294286432
2020-11-13 00:00:00+00:00,0.005679556993601336,0.005683844999505314,0.45533994502877795,0.007146676506628813
2020-11-16 00:00:00+00:00,-0.0002732039670172668,-0.0,0.0,0.45533994502877795
2020-11-17 00:00:00+00:00,-0.0,-0.0,0.0,0.0
2020-11-18 00:00:00+00:00,0.0016402432997362692,0.0019128537350178805,0.454350725469352,0.454350725469352
2020-11-19 00:00:00+00:00,-0.003041149228341975,-0.0030344026465277036,0.44310642244556603,0.011244303023785984
2020-11-20 00:00:00+00:00,-0.00026586385346733963,0.0,0.0,0.44310642244556603
2020-11-23 00:00:00+00:00,0.006818270911554859,0.007081970267690487,0.4394989268927137,0.4394989268927137
2020-11-24 00:00:00+00:00,-0.0002636993561356282,-0.0,0.0,0.4394989268927137
2020-11-25 00:00:00+00:00,0.0,0.0,0.0,0.0
2020-11-27 00:00:00+00:00,-0.002969109266137558,-0.0026147638244148627,0.5905757362044918,0.5905757362044918
2020-11-30 00:00:00+00:00,-0.00035434544172269504,0.0,0.0,0.5905757362044918
2020-12-01 00:00:00+00:00,0.0009252029594981597,0.0012943695191247474,0.6152775993776463,0.6152775993776463
2020-12-02 00:00:00+00:00,-0.00036916655962658773,-0.0,0.0,0.6152775993776463
2020-12-03 00:00:00+00:00,0.0,0.0,0.0,0.0
2020-12-04 00:00:00+00:00,-0.0,-0.0,0.0,0.0
2020-12-07 00:00:00+00:00,0.0,0.0,0.0,0.0
2020-12-08 00:00:00+00:00,-0.0,-0.0,0.0,0.0
2020-12-09 00:00:00+00:00,-0.0,-0.0,0.0,0.0
2020-12-10 00:00:00+00:00,-0.0,-0.0,0.0,0.0
2020-12-11 00:00:00+00:00,-0.0,-0.0,0.0,0.0
2020-12-14 00:00:00+00:00,0.0,0.0,0.0,0.0
2020-12-15 00:00:00+00:00,0.0,0.0,0.0,0.0
2020-12-16 00:00:00+00:00,0.0,0.0,0.0,0.0
2020-12-17 00:00:00+00:00,-0.0,-0.0,0.0,0.0
2020-12-18 00:00:00+00:00,-0.0,-0.0,0.0,0.0
2020-12-21 00:00:00+00:00,-0.0,-0.0,0.0,0.0
2020-12-22 00:00:00+00:00,0.0,0.0,0.0,0.0
2020-12-23 00:00:00+00:00,0.0,0.0,0.0,0.0
2020-12-24 00:00:00+00:00,0.0,0.0,0.0,0.0
2020-12-28 00:00:00+00:00,-0.0,-0.0,0.0,0.0
2020-12-29 00:00:00+00:00,0.0,0.0,0.0,0.0
2020-12-30 00:00:00+00:00,0.0,0.0,0.0,0.0
2020-12-31 00:00:00+00:00,-0.0,-0.0,0.0,0.0
2021-01-04 00:00:00+00:00,0.0,0.0,0.0,0.0
2021-01-05 00:00:00+00:00,0.005378711400894232,0.005978711400894232,1.0,1.0
2021-01-06 00:00:00+00:00,-0.0006,0.0,0.0,1.0
2021-01-07 00:00:00+00:00,0.0,0.0,0.0,0.0
2021-01-08 00:00:00+00:00,-0.0,-0.0,0.0,0.0
2021-01-11 00:00:00+00:00,0.0,0.0,0.0,0.0
2021-01-12 00:00:00+00:00,0.0,0.0,0.0,0.0
2021-01-13 00:00:00+00:00,-0.0,-0.0,0.0,0.0
2021-01-14 00:00:00+00:00,-0.0,-0.0,0.0,0.0
2021-01-15 00:00:00+00:00,0.0,0.0,0.0,0.0
2021-01-19 00:00:00+00:00,0.0,0.0,0.0,0.0
2021-01-20 00:00:00+00:00,0.0,0.0,0.0,0.0
2021-01-21 00:00:00+00:00,-0.0,-0.0,0.0,0.0
2021-01-22 00:00:00+00:00,0.0,0.0,0.0,0.0
2021-01-25 00:00:00+00:00,-0.0019368389271445605,-0.001399058453239656,0.8963007898415076,0.8963007898415076
2021-01-26 00:00:00+00:00,-0.0005377804739049045,-0.0,0.0,0.8963007898415076
2021-01-27 00:00:00+00:00,0.007125631780880689,0.007660030318864231,0.8906642299725694,0.8906642299725694
2021-01-28 00:00:00+00:00,-0.014074514121319642,-0.013958455793738035,0.6972336840032245,0.19343054596934495
2021-01-29 00:00:00+00:00,0.011388260723997665,0.011395829470172586,0.6846191070450216,0.012614576958202894
2021-02-01 00:00:00+00:00,0.008591464095173352,0.00863580218323835,0.610722293603359,0.07389681344166266
2021-02-02 00:00:00+00:00,0.00043250319245657606,0.0004532088924253185,0.5762127936554549,0.03450949994790409
2021-02-03 00:00:00+00:00,0.006610607513134172,0.006614042148791186,0.5819371864171438,0.005724392761688901
2021-02-04 00:00:00+00:00,0.0023023560404030704,0.002304510425559224,0.5855278283440665,0.0035906419269227108
2021-02-05 00:00:00+00:00,0.004151344479714003,0.004157286737141229,0.5756240659653573,0.009903762378709158
2021-02-08 00:00:00+00:00,-0.00041284703621802975,-0.00039886752393840006,0.5989232530980735,0.02329918713271617
2021-02-09 00:00:00+00:00,-0.00026145026512934853,-0.0002600908594467756,0.596657576960452,0.0022656761376215195
2021-02-10 00:00:00+00:00,0.0009728258049023267,0.0009781887641683309,0.6055958424037922,0.008938265443340199
2021-02-11 00:00:00+00:00,0.0029898325231582355,0.0029900213210367803,0.6052811792728842,0.00031466313090799947
2021-02-12 00:00:00+00:00,-0.0005246921465408887,-0.0005245670935389135,0.6054896009428429,0.0002084216699587138
2021-02-16 00:00:00+00:00,0.0001382019253452442,0.00013964544554792666,0.6078954679473136,0.002405867004470763
2021-02-17 00:00:00+00:00,-0.002646050384369403,-0.002638795051940886,0.6199876886615091,0.012092220714195467
2021-02-18 00:00:00+00:00,-0.0011063487297898445,-0.001103396962576933,0.6249073006830282,0.0049196120215191375
2021-02-19 00:00:00+00:00,-0.004980639310813361,-0.0049680447828775705,0.6458981805760138,0.020990879892985537
2021-02-22 00:00:00+00:00,0.0007820008514215773,0.0007827380010093397,0.6446695979297431,0.0012285826462706817
2021-02-23 00:00:00+00:00,0.006998028621691673,0.007003492778074894,0.6355626706243755,0.009106927305367551
2021-02-24 00:00:00+00:00,-0.01536186343490334,-0.015360708658309005,0.6374872982816008,0.0019246276572252308
2021-02-25 00:00:00+00:00,-0.003209702641271772,-0.0031998157365019405,0.6210091236652153,0.016478174616385455
2021-02-26 00:00:00+00:00,0.01511967423267005,0.01512135257883777,0.623806367278083,0.002797243612867706
2021-03-01 00:00:00+00:00,-0.004904300720471384,-0.004901691820840469,0.6281545333296082,0.004348166051525215
2021-03-02 00:00:00+00:00,-0.00821306395301982,-0.008207969406996344,0.6196636232904792,0.008490910039129052
2021-03-03 00:00:00+00:00,-0.007921040592777904,-0.00790934956401452,0.6391486712294516,0.019485047938972433
2021-03-04 00:00:00+00:00,0.011710230922557427,0.011711740723728416,0.6366323359444706,0.002516335284981075
2021-03-05 00:00:00+00:00,-0.003067124713611407,-0.0030530889466509194,0.6132393910103247,0.0233929449341459
2021-03-08 00:00:00+00:00,0.00830128846697901,0.008319608743344456,0.582705597067914,0.030533793942410625
2021-03-09 00:00:00+00:00,0.003626908851528642,0.00362693904818207,0.5826552693122014,5.032775571267578e-05
2021-03-10 00:00:00+00:00,0.00569435571569143,0.005706263842324709,0.5628083915900693,0.019846877722132006
2021-03-11 00:00:00+00:00,0.0007486575473493914,0.000751530859004377,0.55801953883176,0.004788852758309314
2021-03-12 00:00:00+00:00,0.003256194862713796,0.0032627423861963157,0.5471069996942267,0.010912539137533317
2021-03-15 00:00:00+00:00,-0.0006902643543595684,-0.0006902299061579355,0.547164413363615,5.741366938827319e-05
2021-03-16 00:00:00+00:00,0.0018613806678668544,0.0018620374755212831,0.546069733939567,0.0010946794240479507
2021-03-17 00:00:00+00:00,-0.007943147214888629,-0.007943065578063154,0.5459336725637747,0.00013606137579236233
2021-03-18 00:00:00+00:00,-0.0010091627726995164,-0.001008661956916109,0.5450989795914287,0.0008346929723459517
2021-03-19 00:00:00+00:00,0.004176499365459083,0.00418880447933672,0.5245904564620356,0.020508523129393108
2021-03-22 00:00:00+00:00,-0.004128687975141315,-0.004128668786980688,0.5245584761943247,3.1980267710896015e-05
2021-03-23 00:00:00+00:00,-0.002673492085088405,-0.0026727571842096918,0.5257833109921802,0.0012248347978555119
2021-03-24 00:00:00+00:00,0.0029146024284678706,0.0029187704897113164,0.5188365422531042,0.00694676873907607
2021-03-25 00:00:00+00:00,0.008497654586024302,0.0085029398893645,0.5276453811534333,0.00880883890032913
2021-03-26 00:00:00+00:00,-0.0003404572002956738,-0.00030037692603130333,0.5944458382607174,0.0668004571072841
2021-03-29 00:00:00+00:00,-0.001533530239705918,-0.0015208145659986398,0.5732530487485871,0.021192789512130328
2021-03-30 00:00:00+00:00,0.002587334856797589,0.00263311245724282,0.6495490494906383,0.07629600074205123
2021-03-31 00:00:00+00:00,0.007139374644253829,0.007146714999877625,0.6617829755302996,0.012233926039661336
2021-04-01 00:00:00+00:00,0.010134082696484937,0.010161812680191028,0.7079996150404516,0.04621663951015198
2021-04-05 00:00:00+00:00,-0.0004674419394781429,-0.0004425940394790382,0.7494127817056261,0.04141316666517447
2021-04-06 00:00:00+00:00,-0.00044964766902337567,0.0,0.0,0.7494127817056261
2021-04-07 00:00:00+00:00,0.0033099918396112473,0.0037889182148291892,0.7982106253632367,0.7982106253632367
2021-04-08 00:00:00+00:00,0.006107688779383313,0.006135090085607986,0.8438794690710244,0.045668843707787676
2021-04-09 00:00:00+00:00,-0.0005063276814426146,0.0,0.0,0.8438794690710244
2021-04-12 00:00:00+00:00,0.0,0.0,0.0,0.0
2021-04-13 00:00:00+00:00,-0.0,-0.0,0.0,0.0
2021-04-14 00:00:00+00:00,0.0,0.0,0.0,0.0
2021-04-15 00:00:00+00:00,0.0,0.0,0.0,0.0
2021-04-16 00:00:00+00:00,-0.0,-0.0,0.0,0.0
2021-04-19 00:00:00+00:00,-0.0,-0.0,0.0,0.0
2021-04-20 00:00:00+00:00,0.008448232535658984,0.009020205062296423,0.9532875443957309,0.9532875443957309
2021-04-21 00:00:00+00:00,-0.008354123331872175,-0.008329345737356265,0.9119915535358796,0.04129599085985136
2021-04-22 00:00:00+00:00,-0.0005471949321215277,0.0,0.0,0.9119915535358796
2021-04-23 00:00:00+00:00,0.0013484940924867231,0.001892396572503352,0.9065041333610481,0.9065041333610481
2021-04-26 00:00:00+00:00,-0.0005439024800166288,-0.0,0.0,0.9065041333610481
2021-04-27 00:00:00+00:00,-0.0008617459642118086,-0.0002789890891470497,0.9712614584412649,0.9712614584412649
2021-04-28 00:00:00+00:00,0.0061958901682665915,0.006196535491954671,0.972336997921397,0.0010755394801321705
2021-04-29 00:00:00+00:00,-0.006477741167040629,-0.006470286235982433,0.9847618830183904,0.012424885096993354
2021-04-30 00:00:00+00:00,-0.0005908571298110342,0.0,0.0,0.9847618830183904
2021-05-03 00:00:00+00:00,-0.006565014691491333,-0.0059831256049111235,0.9698151443003495,0.9698151443003495
2021-05-04 00:00:00+00:00,0.0002944860834735537,0.00031259699689334397,1.0,0.03018485569965046
2021-05-05 00:00:00+00:00,0.007985830843161956,0.007985830843161956,1.0,0.0
2021-05-06 00:00:00+00:00,0.007277970085466823,0.007277970085466823,1.0,0.0
2021-05-07 00:00:00+00:00,-0.0006,-0.0,0.0,1.0
2021-05-10 00:00:00+00:00,-0.0,-0.0,0.0,0.0
2021-05-11 00:00:00+00:00,-0.020586998718080854,-0.020021556407673242,0.9424038506793516,0.9424038506793516
2021-05-12 00:00:00+00:00,0.010782704399692632,0.010808288075949678,0.8997643902509423,0.04263946042840927
2021-05-13 00:00:00+00:00,0.01133228024644186,0.011425684916705122,0.7440899398121741,0.15567445043876826
2021-05-14 00:00:00+00:00,-0.0018773858008206638,-0.0018724514430371434,0.7358660101729736,0.008223929639200489
2021-05-17 00:00:00+00:00,-0.005901126484022367,-0.005868280731237966,0.6811230888656385,0.054742921307335046
2021-05-18 00:00:00+00:00,-0.001797964616288878,-0.00179571420454054,0.6848737751128684,0.0037506862472298508
2021-05-19 00:00:00+00:00,0.007318201207432139,0.007320826988213013,0.6804974738114116,0.004376301301456831
2021-05-20 00:00:00+00:00,-0.0005848764807828699,-0.0005731492305575678,0.7000428908535816,0.019545417042170055
2021-05-21 00:00:00+00:00,0.007049514239903355,0.007054352075315213,0.6919798318338173,0.00806305901976434
2021-05-24 00:00:00+00:00,-0.001610197857712144,-0.0015942578548224463,0.7185465033166466,0.026566671482829318
2021-05-25 00:00:00+00:00,0.0013659439065280196,0.001379880986314898,0.6953180370051826,0.023228466311464024
2021-05-26 00:00:00+00:00,0.00036358663412099454,0.00036433088277200605,0.69407762258683,0.0012404144183525423
2021-05-27 00:00:00+00:00,0.0012399982017072923,0.0012404005021007514,0.6934071219310649,0.0006705006557651272
2021-05-28 00:00:00+00:00,-0.0006239172795843268,-0.0006186102731078777,0.7022521327251467,0.008845010794081842
2021-06-01 00:00:00+00:00,0.001113995631473932,0.0011199872565180369,0.7122381744653216,0.009986041740174811
2021-06-02 00:00:00+00:00,-0.002645366584213454,-0.0026450611733068027,0.7127471926430741,0.0005090181777525071
2021-06-03 00:00:00+00:00,0.0066063460207234,0.0066125100609309775,0.7230205929890365,0.010273400345962469
2021-06-04 00:00:00+00:00,-0.0006997975370767704,-0.0006971611880962683,0.7186266780215331,0.0043939149675034095
2021-06-07 00:00:00+00:00,-0.0004311760068129199,0.0,0.0,0.7186266780215331
2021-06-08 00:00:00+00:00,-0.0015186627023932521,-0.0010831364881018683,0.7258770238189728,0.7258770238189728
2021-06-09 00:00:00+00:00,-0.0004355262142913837,0.0,0.0,0.7258770238189728
2021-06-10 00:00:00+00:00,0.0008213731592127728,0.001289502609153737,0.7802157499016072,0.7802157499016072
2021-06-11 00:00:00+00:00,-0.0004681294499409644,0.0,0.0,0.7802157499016072
2021-06-14 00:00:00+00:00,-0.0024342206834554007,-0.001834220683455401,1.0,1.0
2021-06-15 00:00:00+00:00,-0.005583156424693092,-0.005583156424693092,1.0,0.0
2021-06-16 00:00:00+00:00,-0.000331693774781483,-0.000331693774781483,1.0,0.0
2021-06-17 00:00:00+00:00,-0.013490768066869996,-0.013490768066869996,1.0,0.0
2021-06-18 00:00:00+00:00,0.014316226486305705,0.014316226486305705,1.0,0.0
2021-06-21 00:00:00+00:00,0.005346005392090403,0.005346005392090403,1.0,0.0
2021-06-22 00:00:00+00:00,-0.0006,-0.0,0.0,1.0
2021-06-23 00:00:00+00:00,0.00531560852815598,0.00591560852815598,1.0,1.0
2021-06-24 00:00:00+00:00,0.003552164845765482,0.003552164845765482,1.0,0.0
2021-06-25 00:00:00+00:00,0.0020160196256524543,0.0020160196256524543,1.0,0.0
2021-06-28 00:00:00+00:00,0.0005378985095048083,0.0005378985095048083,1.0,0.0
2021-06-29 00:00:00+00:00,0.0008417609308870588,0.0008417609308870588,1.0,0.0
2021-06-30 00:00:00+00:00,0.005536715897937805,0.005536715897937805,1.0,0.0
2021-07-01 00:00:00+00:00,0.007643482470717222,0.007643482470717222,1.0,0.0
2021-07-02 00:00:00+00:00,-0.0018214873168547197,-0.0018214873168547197,1.0,0.0
2021-07-06 00:00:00+00:00,-0.0006,0.0,0.0,1.0
2021-07-07 00:00:00+00:00,-0.008747822252070558,-0.008147822252070558,1.0,1.0
2021-07-08 00:00:00+00:00,-0.0006,0.0,0.0,1.0
2021-07-09 00:00:00+00:00,0.002981960599557954,0.003581960599557954,1.0,1.0
2021-07-12 00:00:00+00:00,-0.0006,-0.0,0.0,1.0
2021-07-13 00:00:00+00:00,0.0008920873271000446,0.0014920873271000445,1.0,1.0
2021-07-14 00:00:00+00:00,-0.0033756575664313196,-0.0033671987660098975,0.9859019992976299,0.014098000702370106
2021-07-15 00:00:00+00:00,-0.007792354051141186,-0.007788154995916455,0.9929004246721822,0.006998425374552308
2021-07-16 00:00:00+00:00,-0.0147720806025351,-0.01476782085733841,1.0,0.0070995753278177975
2021-07-19 00:00:00+00:00,0.013700707966691966,0.013726016261728567,0.9578195082723305,0.04218049172766947
2021-07-20 00:00:00+00:00,0.007562348226424197,0.007575609347379391,0.935717640013673,0.022101868258657564
2021-07-21 00:00:00+00:00,0.0019591247696260526,0.0019592465322677832,0.9355147022774554,0.00020293773621760103
2021-07-22 00:00:00+00:00,0.009452482925848866,0.009461971012842263,0.9197012239551277,0.015813478322327712
2021-07-23 00:00:00+00:00,0.002263933036925091,0.002265976712803078,0.9231073504184396,0.0034061264633119537
2021-07-26 00:00:00+00:00,-0.004095725911201626,-0.004078822520762641,0.8949350330201309,0.02817231739830872
2021-07-27 00:00:00+00:00,-0.00036831955806045357,-0.00036751013034923107,0.8962840792055017,0.0013490461853707947
2021-07-28 00:00:00+00:00,0.0036363699443160446,0.0036465886094048834,0.8792529707241037,0.017031108481397994
2021-07-29 00:00:00+00:00,-0.004265280792685879,-0.004264631021839503,0.8781700193134757,0.0010829514106279747
2021-07-30 00:00:00+00:00,-0.001837674383062457,-0.0018357217940038143,0.8749157042157378,0.003254315097737881
2021-08-02 00:00:00+00:00,0.007048412086640403,0.0070531926674506015,0.8669480695320737,0.007967634683664127
2021-08-03 00:00:00+00:00,-0.0043632516442447125,-0.004352518465385296,0.8848367009644345,0.017888631432360746
2021-08-04 00:00:00+00:00,-0.0005309020205786607,0.0,0.0,0.8848367009644345
2021-08-05 00:00:00+00:00,0.0008979052161680481,0.0014097471767146382,0.8530699342443168,0.8530699342443168
2021-08-06 00:00:00+00:00,-0.0007256570718824345,-0.0007121719674249467,0.8755451083401296,0.02247517409581279
2021-08-09 00:00:00+00:00,0.0011175172230027377,0.0011440840219591004,0.9198231066007339,0.0442779982606043
2021-08-10 00:00:00+00:00,0.0022912852143218056,0.0022931393229840176,0.9229132877044205,0.00309018110368664
2021-08-11 00:00:00+00:00,0.002787299553987447,0.0027926007784185073,0.9317486617561875,0.008835374051767042
2021-08-12 00:00:00+00:00,-0.0005590491970537126,0.0,0.0,0.9317486617561875
2021-08-13 00:00:00+00:00,0.0016479411811430086,0.0022114719669407363,0.939217976329546,0.939217976329546
2021-08-16 00:00:00+00:00,-0.006522996568520239,-0.006492283248738379,0.990406842632647,0.051188866303101044
2021-08-17 00:00:00+00:00,-0.010950695806522293,-0.010944939912101881,1.0,0.009593157367353
2021-08-18 00:00:00+00:00,0.0015481417206535397,0.0015481417206535397,1.0,0.0
2021-08-19 00:00:00+00:00,0.007957157604010057,0.007957157604010057,1.0,0.0
2021-08-20 00:00:00+00:00,0.00879658726910093,0.00879658726910093,1.0,0.0
2021-08-23 00:00:00+00:00,-0.0006,0.0,0.0,1.0
2021-08-24 00:00:00+00:00,0.0,0.0,0.0,0.0
2021-08-25 00:00:00+00:00,-0.006503126406536674,-0.005903126406536674,1.0,1.0
2021-08-26 00:00:00+00:00,0.008941000867042526,0.008941000867042526,1.0,0.0
2021-08-27 00:00:00+00:00,0.004397524814081066,0.004397524814081066,1.0,0.0
2021-08-30 00:00:00+00:00,-0.0014814454338476502,-0.0014814454338476502,1.0,0.0
2021-08-31 00:00:00+00:00,0.0005314737680817139,0.0005314737680817139,1.0,0.0
2021-09-01 00:00:00+00:00,0.003076429633140476,0.003076429633140476,1.0,0.0
2021-09-02 00:00:00+00:00,-0.00024280611240246053,-0.00024280611240246053,1.0,0.0
2021-09-03 00:00:00+00:00,-0.0006,-0.0,0.0,1.0
2021-09-07 00:00:00+00:00,-0.0018183211195043729,-0.001218321119504373,1.0,1.0
2021-09-08 00:00:00+00:00,-0.004280078748351013,-0.004280078748351013,1.0,0.0
2021-09-09 00:00:00+00:00,-0.007884467515361093,-0.007884467515361093,1.0,0.0
2021-09-10 00:00:00+00:00,0.0025590751176620685,0.0025590751176620685,1.0,0.0
2021-09-13 00:00:00+00:00,-0.005396598320283275,-0.005396598320283275,1.0,0.0
2021-09-14 00:00:00+00:00,-0.0006,0.0,0.0,1.0
2021-09-15 00:00:00+00:00,-0.002185140750773317,-0.0015851407507733173,1.0,1.0
2021-09-16 00:00:00+00:00,-0.0006,-0.0,0.0,1.0
2021-09-17 00:00:00+00:00,-0.01727419281006044,-0.01667419281006044,1.0,1.0
2021-09-20 00:00:00+00:00,-0.0009446224198635944,-0.0009446224198635944,1.0,0.0
2021-09-21 00:00:00+00:00,0.009512767436583075,0.009526791264748802,0.9766269530571202,0.023373046942879783
2021-09-22 00:00:00+00:00,0.012135964887981637,0.012149988716147364,1.0,0.023373046942879783
2021-09-23 00:00:00+00:00,0.0015765294462289602,0.001595402663782795,0.9685446374102753,0.0314553625897247
2021-09-24 00:00:00+00:00,-0.00258337368696212,-0.002533640625300666,0.8856562013078525,0.0828884361024228
2021-09-27 00:00:00+00:00,-0.018122040641463895,-0.0181141090188058,0.898875572404675,0.013219371096822474
2021-09-28 00:00:00+00:00,0.0015579362259566503,0.0015828630697720626,0.9404203120970288,0.04154473969235384
2021-09-29 00:00:00+00:00,-0.009869511657743402,-0.00978563719577181,0.8006295421443747,0.13979076995265416
2021-09-30 00:00:00+00:00,0.009463821177750291,0.009466283593383161,0.7965255160895898,0.004104026054784882
2021-10-01 00:00:00+00:00,-0.009896949637603476,-0.00987863687209067,0.7660042402349148,0.030521275854675012
2021-10-04 00:00:00+00:00,0.007463067795266505,0.007490719718885269,0.7199177008703079,0.04608653936460683
2021-10-05 00:00:00+00:00,0.002870347483923295,0.0028857034688926936,0.6943243925879772,0.02559330828233075
2021-10-06 00:00:00+00:00,0.005702140469705065,0.005721662625120912,0.6617874668948986,0.03253692569307853
2021-10-07 00:00:00+00:00,-0.00119902447777705,-0.0011951095219975452,0.6552625405957238,0.0065249262991748935
2021-10-08 00:00:00+00:00,-0.004637163849134672,-0.004627512242873901,0.6391765301611058,0.016086010434617992
2021-10-11 00:00:00+00:00,-0.0015997694955790138,-0.0015945650758307985,0.6478505630747979,0.008674032913692176
2021-10-12 00:00:00+00:00,0.0023094471607491523,0.00231246998661723,0.6428125199613354,0.005038043113462565
2021-10-13 00:00:00+00:00,0.010860932225948928,0.010862718690968892,0.6457899616612736,0.002977441699938188
2021-10-14 00:00:00+00:00,0.005004997330779688,0.005012431962347678,0.6581810142745895,0.012391052613315967
2021-10-15 00:00:00+00:00,-0.00039490860856475373,0.0,0.0,0.6581810142745895
2021-10-18 00:00:00+00:00,0.0043594072492779395,0.004727039886071291,0.6127210613222518,0.6127210613222518
2021-10-19 00:00:00+00:00,0.002585127396983785,0.002617310824408652,0.6663601070303639,0.053639045708112065
2021-10-20 00:00:00+00:00,-0.00039981606421821836,0.0,0.0,0.6663601070303639
2021-10-21 00:00:00+00:00,-0.001100193110807188,-0.0006967728395151496,0.6723671188200642,0.6723671188200642
2021-10-22 00:00:00+00:00,0.003720566797751781,0.0037350177015348994,0.6964519584585943,0.024084839638530142
2021-10-25 00:00:00+00:00,0.0006253303179185488,0.0006259263456336136,0.6954585789334864,0.000993379525107918
2021-10-26 00:00:00+00:00,-0.00041727514736009184,-0.0,0.0,0.6954585789334864
2021-10-27 00:00:00+00:00,0.007599686896257495,0.008103611694921147,0.8398746644394202,0.8398746644394202
2021-10-28 00:00:00+00:00,0.0016584277865174571,0.001668901929991414,0.8224177586494922,0.01745690578992798
2021-10-29 00:00:00+00:00,-0.0004934506551896952,0.0,0.0,0.8224177586494922
2021-11-01 00:00:00+00:00,0.0032228476807210915,0.0037844365885202854,0.9359815129986567,0.9359815129986567
2021-11-02 00:00:00+00:00,0.006066739039980796,0.006105150132181603,1.0,0.06401848700134327
2021-11-03 00:00:00+00:00,-0.0006,0.0,0.0,1.0
2021-11-04 00:00:00+00:00,0.0,0.0,0.0,0.0
2021-11-05 00:00:00+00:00,0.0,0.0,0.0,0.0
2021-11-08 00:00:00+00:00,-0.0,-0.0,0.0,0.0
2021-11-09 00:00:00+00:00,-0.0,-0.0,0.0,0.0
2021-11-10 00:00:00+00:00,-0.000276572474162306,0.00032342752583769396,1.0,1.0
2021-11-11 00:00:00+00:00,0.0075469627117468185,0.0075469627117468185,1.0,0.0
2021-11-12 00:00:00+00:00,-0.0006,0.0,0.0,1.0
2021-11-15 00:00:00+00:00,0.0,0.0,0.0,0.0
2021-11-16 00:00:00+00:00,-0.003028874448344831,-0.002428874448344831,1.0,1.0
2021-11-17 00:00:00+00:00,-0.0006,0.0,0.0,1.0
2021-11-18 00:00:00+00:00,-0.0023881754533614068,-0.001788175453361407,1.0,1.0
2021-11-19 00:00:00+00:00,-0.0006,-0.0,0.0,1.0
2021-11-22 00:00:00+00:00,0.0007258695193199,0.0013258695193199,1.0,1.0
2021-11-23 00:00:00+00:00,0.002670126079670432,0.002670126079670432,1.0,0.0
2021-11-24 00:00:00+00:00,-0.0006,-0.0,0.0,1.0
2021-11-26 00:00:00+00:00,0.0,0.0,0.0,0.0
2021-11-29 00:00:00+00:00,-0.019734264975756977,-0.019143941508200077,0.9838724459281678,0.9838724459281678
2021-11-30 00:00:00+00:00,-0.010111973545506851,-0.010065363404072105,0.9061888768702555,0.0776835690579123
2021-12-01 00:00:00+00:00,0.011592216690953425,0.011678445587159414,0.7624740498602754,0.14371482700998006
2021-12-02 00:00:00+00:00,-0.006448695645912053,-0.006434930020570253,0.739531340957275,0.02294270890300043
2021-12-03 00:00:00+00:00,0.008114104550483838,0.008145178292034365,0.6877417717063969,0.051789569250878076
2021-12-06 00:00:00+00:00,0.014115547060718416,0.01411865630851893,0.6825596920388731,0.00518207966752382
2021-12-07 00:00:00+00:00,0.001712026987226593,0.0017296229132102135,0.6532331487328389,0.029326543306034236
2021-12-08 00:00:00+00:00,-0.0039814171263098585,-0.00393959372749055,0.583527484033992,0.06970566469884687
2021-12-09 00:00:00+00:00,0.005499362937203365,0.005499800212024175,0.5842562754020084,0.0007287913680164015
2021-12-10 00:00:00+00:00,-0.005200691664749428,-0.005199096953126679,0.5869141281065887,0.002657852704580299
2021-12-13 00:00:00+00:00,-0.003973991707887458,-0.0039678768794638285,0.5767227474005386,0.01019138070605008
2021-12-14 00:00:00+00:00,0.008941149816764098,0.008943746030054189,0.5723957252503875,0.0043270221501511275
2021-12-15 00:00:00+00:00,-0.005003032969619704,-0.00499976999401825,0.5669574325812978,0.005438292669089684
2021-12-16 00:00:00+00:00,-0.005773280842730293,-0.005757705001776057,0.540997697657571,0.02595973492372683
2021-12-17 00:00:00+00:00,-0.0056780025374187325,-0.005673532394321487,0.5335474591621615,0.007450238495409489
2021-12-20 00:00:00+00:00,0.009315374459947795,0.009320601871923318,0.5248351058696227,0.008712353292538833
2021-12-21 00:00:00+00:00,0.005156971305861728,0.005162107249269508,0.5162752001899903,0.008559905679632385
2021-12-22 00:00:00+00:00,-0.0003097651201139942,0.0,0.0,0.5162752001899903
2021-12-23 00:00:00+00:00,0.006512185732936242,0.0068005016338796576,0.4805265015723582,0.4805265015723582
2021-12-27 00:00:00+00:00,-0.000392314828173957,-0.00039102083009661607,0.4783698381101234,0.002156663462234809
2021-12-28 00:00:00+00:00,0.000633176812744685,0.0006519122109349257,0.5095955017605247,0.031225663650401303
2021-12-29 00:00:00+00:00,-0.0014393018688938159,-0.0014338577005805256,0.5186691156160083,0.009073613855483553
2021-12-30 00:00:00+00:00,-0.0014599182911544562,-0.0014305341040661626,0.5676427607631641,0.04897364514715585
2021-12-31 00:00:00+00:00,0.003394446738252646,0.0034069163780270713,0.5884254937205398,0.02078273295737565
2022-01-03 00:00:00+00:00,-0.00021520319965836213,-0.00020354399948811896,0.6078574940042784,0.019432000283738593
2022-01-04 00:00:00+00:00,-0.000364714496402567,-0.0,0.0,0.6078574940042784
2022-01-05 00:00:00+00:00,-0.0,-0.0,0.0,0.0
2022-01-06 00:00:00+00:00,-0.0028781406047553937,-0.0024988956242533436,0.6320749675034166,0.6320749675034166
2022-01-07 00:00:00+00:00,-0.0007881913237675951,-0.0007876779850500157,0.6329305320327157,0.0008555645292990244
2022-01-10 00:00:00+00:00,0.005809393333541809,0.005812523114221043,0.6381468331647732,0.00521630113205751
2022-01-11 00:00:00+00:00,-0.00038288809989886393,0.0,0.0,0.6381468331647732
2022-01-12 00:00:00+00:00,-0.0,-0.0,0.0,0.0
2022-01-13 00:00:00+00:00,0.0,0.0,0.0,0.0
2022-01-14 00:00:00+00:00,-0.01229674779644006,-0.011893785860872624,0.6716032259457265,0.6716032259457265
2022-01-18 00:00:00+00:00,-0.007142393943401897,-0.007133181410844261,0.6869574468751193,0.015354220929392759
2022-01-19 00:00:00+00:00,-0.007194718807540644,-0.007171300984449613,0.6479277417234011,0.03902970515171822
2022-01-20 00:00:00+00:00,-0.012737834289370026,-0.01273728190212615,0.6488483871298636,0.000920645406462528
2022-01-21 00:00:00+00:00,0.0029421934472307985,0.002972913427074491,0.7000483535360177,0.051199966406154096
2022-01-24 00:00:00+00:00,-0.00820597885251915,-0.008188364861863943,0.6706917024440053,0.029356651092012354
2022-01-25 00:00:00+00:00,-0.0004024150214664032,-0.0,0.0,0.6706917024440053
2022-01-26 00:00:00+00:00,-0.0040923196289259795,-0.003648951070122939,0.7389475980050673,0.7389475980050673
2022-01-27 00:00:00+00:00,-0.0004433685588030404,0.0,0.0,0.7389475980050673
2022-01-28 00:00:00+00:00,0.0,0.0,0.0,0.0
2022-01-31 00:00:00+00:00,0.0,0.0,0.0,0.0
2022-02-01 00:00:00+00:00,0.0,0.0,0.0,0.0
2022-02-02 00:00:00+00:00,-0.0,-0.0,0.0,0.0
2022-02-03 00:00:00+00:00,0.0,0.0,0.0,0.0
2022-02-04 00:00:00+00:00,-0.0019247787995982889,-0.0016215995361672114,0.5052987723851292,0.5052987723851292
2022-02-07 00:00:00+00:00,-0.0003031792634310775,0.0,0.0,0.5052987723851292
2022-02-08 00:00:00+00:00,0.0,0.0,0.0,0.0
2022-02-09 00:00:00+00:00,-0.0,-0.0,0.0,0.0
2022-02-10 00:00:00+00:00,-0.0,-0.0,0.0,0.0
2022-02-11 00:00:00+00:00,-0.0017997703752228595,-0.0015206910240024559,0.46513225203400616,0.46513225203400616
2022-02-14 00:00:00+00:00,0.0073177810754041705,0.007324358554420595,0.4541697870066326,0.01096246502737358
2022-02-15 00:00:00+00:00,-0.00027250187220397953,0.0,0.0,0.4541697870066326
2022-02-16 00:00:00+00:00,-0.0,-0.0,0.0,0.0
2022-02-17 00:00:00+00:00,-0.0,-0.0,0.0,0.0
2022-02-18 00:00:00+00:00,-0.004949946376146996,-0.004687848986006447,0.4368289835675812,0.4368289835675812
2022-02-22 00:00:00+00:00,-0.008101036304580273,-0.008089510595531096,0.45603849864954227,0.01920951508196106
2022-02-23 00:00:00+00:00,0.0067894683594754614,0.006792283150279609,0.4513471806426301,0.004691318006912193
2022-02-24 00:00:00+00:00,0.009754670040913285,0.009760066759261525,0.4423526500622292,0.008994530580400895
2022-02-25 00:00:00+00:00,-0.0002654115900373375,-0.0,0.0,0.4423526500622292
2022-02-28 00:00:00+00:00,-0.0,-0.0,0.0,0.0
2022-03-01 00:00:00+00:00,0.0077676246352874415,0.008029509864112721,0.4364753813754657,0.4364753813754657
2022-03-02 00:00:00+00:00,-0.0022308040056434417,-0.0022245898627810995,0.44683228614603593,0.010356904770570219
2022-03-03 00:00:00+00:00,-0.0002680993716876216,-0.0,0.0,0.44683228614603593
2022-03-04 00:00:00+00:00,-0.01308239900620385,-0.012821439999549633,0.43493167775702957,0.43493167775702957
2022-03-07 00:00:00+00:00,-0.00350488718187157,-0.003489678489236362,0.4602794988157091,0.025347821058679554
2022-03-08 00:00:00+00:00,0.011280946297273962,0.011304137225820991,0.42162795123732744,0.038651547578381684
2022-03-09 00:00:00+00:00,-0.0019003965870144732,-0.001899870078488132,0.42075043702675863,0.0008775142105688083
2022-03-10 00:00:00+00:00,-0.00025245026221605517,-0.0,0.0,0.42075043702675863
2022-03-11 00:00:00+00:00,-0.0031633490513948643,-0.0029233485158415323,0.40000089258888677,0.40000089258888677
2022-03-14 00:00:00+00:00,0.008912547199948634,0.008915811919570632,0.405442091958884,0.005441199369997207
2022-03-15 00:00:00+00:00,0.00925203505987982,0.009259311867265372,0.41757010426813546,0.012128012309251479
2022-03-16 00:00:00+00:00,-0.00025054206256088125,0.0,0.0,0.41757010426813546
2022-03-17 00:00:00+00:00,0.0,0.0,0.0,0.0
2022-03-18 00:00:00+00:00,-0.0,-0.0,0.0,0.0
2022-03-21 00:00:00+00:00,0.0,0.0,0.0,0.0
2022-03-22 00:00:00+00:00,-0.0,-0.0,0.0,0.0
2022-03-23 00:00:00+00:00,0.0,0.0,0.0,0.0
2022-03-24 00:00:00+00:00,0.0017230959685340431,0.001964446861317429,0.40225148797231,0.40225148797231
2022-03-25 00:00:00+00:00,-0.00024135089278338597,0.0,0.0,0.40225148797231
2022-03-28 00:00:00+00:00,0.0,0.0,0.0,0.0
2022-03-29 00:00:00+00:00,-0.0,-0.0,0.0,0.0
2022-03-30 00:00:00+00:00,-0.0,-0.0,0.0,0.0
2022-03-31 00:00:00+00:00,0.0,0.0,0.0,0.0
2022-04-01 00:00:00+00:00,0.0,0.0,0.0,0.0
2022-04-04 00:00:00+00:00,-0.0,-0.0,0.0,0.0
2022-04-05 00:00:00+00:00,-0.0,-0.0,0.0,0.0
2022-04-06 00:00:00+00:00,0.002182947915449463,0.0024780074794460085,0.4917659399942427,0.4917659399942427
2022-04-07 00:00:00+00:00,-0.0002950595639965456,-0.0,0.0,0.4917659399942427
2022-04-08 00:00:00+00:00,-0.0,-0.0,0.0,0.0
2022-04-11 00:00:00+00:00,-0.0,-0.0,0.0,0.0
2022-04-12 00:00:00+00:00,0.0056509030742524615,0.005963295187550654,0.5206535221636548,0.5206535221636548
2022-04-13 00:00:00+00:00,-0.00031239211329819286,-0.0,0.0,0.5206535221636548
2022-04-14 00:00:00+00:00,0.0,0.0,0.0,0.0
2022-04-18 00:00:00+00:00,0.0,0.0,0.0,0.0
2022-04-19 00:00:00+00:00,-0.0,-0.0,0.0,0.0
2022-04-20 00:00:00+00:00,-0.0,-0.0,0.0,0.0
2022-04-21 00:00:00+00:00,-0.0,-0.0,0.0,0.0
2022-04-22 00:00:00+00:00,0.003061428614182964,0.0034148438732416243,0.5890254317644338,0.5890254317644338
2022-04-25 00:00:00+00:00,-0.01575152218482726,-0.015723868667969498,0.5429362370014932,0.0460891947629406
2022-04-26 00:00:00+00:00,-0.0003257617422008959,0.0,0.0,0.5429362370014932
2022-04-27 00:00:00+00:00,0.012156526942889703,0.012452313311837803,0.4929772815801677,0.4929772815801677
2022-04-28 00:00:00+00:00,-0.018963256084348342,-0.018951355162157662,0.5128121518979698,0.019834870317802122
2022-04-29 00:00:00+00:00,-0.0003076872911387819,0.0,0.0,0.5128121518979698
2022-05-02 00:00:00+00:00,0.0015975219374631897,0.001838122651585539,0.4010011902039154,0.4010011902039154
2022-05-03 00:00:00+00:00,0.012137822849011354,0.012139250464214955,0.3986218315312467,0.0023793586726686966
2022-05-04 00:00:00+00:00,-0.01430277783995668,-0.014300542634812681,0.40234717343791015,0.0037253419066634597
2022-05-05 00:00:00+00:00,-0.00024140830406274612,-0.0,0.0,0.40234717343791015
2022-05-06 00:00:00+00:00,-0.010916239610068735,-0.01071543222703448,0.3346789717237582,0.3346789717237582
2022-05-09 00:00:00+00:00,0.0007764740645658049,0.0007776124965656259,0.33657635839012634,0.0018973866663681282
2022-05-10 00:00:00+00:00,-0.00508607574249923,-0.005075839477227173,0.3195159162700305,0.01706044212009583
2022-05-11 00:00:00+00:00,-0.00033669783923885154,-0.00033556410243653983,0.32140547760721666,0.001889561337186152
2022-05-12 00:00:00+00:00,0.007621601024955512,0.007623132678133998,0.3188527223097404,0.0025527552974762835
2022-05-13 00:00:00+00:00,-0.0013215966689935257,-0.001318016432853668,0.3248197825428365,0.005967060233096122
2022-05-16 00:00:00+00:00,0.006334496904767393,0.006344336166233594,0.30842101343250233,0.016398769110334166
2022-05-17 00:00:00+00:00,-0.012449880414633052,-0.012449631712561644,0.30883551688484956,0.00041450345234722574
2022-05-18 00:00:00+00:00,-0.001870351166757944,-0.0018680530981695642,0.3050054025708832,0.0038301143139663485
2022-05-19 00:00:00+00:00,0.00011172360677271547,0.00012413562966892254,0.2843186977438714,0.020686704827011793
2022-05-20 00:00:00+00:00,0.00534258163345297,0.005343343816432494,0.28558900270974497,0.0012703049658735477
2022-05-23 00:00:00+00:00,-0.0022432165307620846,-0.0022386097186456676,0.293267022903773,0.0076780201940280235
2022-05-24 00:00:00+00:00,0.002527332448644411,0.002531378554414258,0.28652351328736136,0.006743509616411625
2022-05-25 00:00:00+00:00,0.005932709683888872,0.005939137151565941,0.2972359594158092,0.01071244612844785
2022-05-26 00:00:00+00:00,0.00725396406225252,0.007254986879151466,0.29553126458423296,0.001704694831576259
2022-05-27 00:00:00+00:00,-0.0016868542991515442,-0.001684082961171242,0.30015016121807,0.004618896633837022
2022-05-31 00:00:00+00:00,-0.000180090096730842,-0.0,0.0,0.30015016121807
2022-06-01 00:00:00+00:00,0.005761986729124784,0.005949435108587978,0.31241396577199093,0.31241396577199093
2022-06-02 00:00:00+00:00,-0.005115498618025224,-0.00511505658564622,0.31167724514031653,0.0007367206316744035
2022-06-03 00:00:00+00:00,-0.00018700634708418993,0.0,0.0,0.31167724514031653
2022-06-06 00:00:00+00:00,0.003133453719314325,0.0033425282279436305,0.34845751438217537,0.34845751438217537
2022-06-07 00:00:00+00:00,-0.003796949966897067,-0.0037965094127704567,0.3491917712598597,0.0007342568776843028
2022-06-08 00:00:00+00:00,-0.009123330468205761,-0.009103186748707776,0.38276463708983555,0.03357286582997587
2022-06-09 00:00:00+00:00,-0.010928832200832891,-0.010925245834707147,0.376787360213596,0.005977276876239557
2022-06-10 00:00:00+00:00,-0.01388074284016887,-0.013873915657759509,0.36540872286466203,0.011378637348933962
2022-06-13 00:00:00+00:00,-0.0010401586689185078,-0.0010250038165729037,0.34015063562198866,0.025258087242673366
2022-06-14 00:00:00+00:00,0.004611785350048236,0.004621378139032632,0.3241626539813279,0.015987981640660787
2022-06-15 00:00:00+00:00,-0.010728968831620415,-0.010728960142982509,0.32417713504450474,1.4481063176863262e-05
2022-06-16 00:00:00+00:00,0.0007083108577624692,0.0007119674801004571,0.3302715056078179,0.006094370563313134
2022-06-17 00:00:00+00:00,0.00861251743355727,0.008619802481565459,0.3424132522881329,0.012141746680315035
2022-06-21 00:00:00+00:00,-0.0006202553482748338,-0.0006200002854717676,0.3419881476163561,0.00042510467177681033
2022-06-22 00:00:00+00:00,0.0031645734964689345,0.003175406535468953,0.3239330826163253,0.01805506500003079
2022-06-23 00:00:00+00:00,0.010615417840450303,0.010621503441130364,0.3340757504164278,0.010142667800102478
2022-06-24 00:00:00+00:00,-0.0012673672244019846,-0.0012657413075874428,0.3313658890588581,0.002709861357569676
2022-06-27 00:00:00+00:00,-0.006345563714079763,-0.006332701947651138,0.30992961167781663,0.02143627738104148
2022-06-28 00:00:00+00:00,-0.00026518082084168147,-0.00025977241974613495,0.3189436135037275,0.009014001825910889
2022-06-29 00:00:00+00:00,-0.0026775964848464603,-0.002671656812711412,0.3288430670621407,0.009899453558413207
2022-06-30 00:00:00+00:00,0.003476483396582617,0.003476567434003797,0.32870300469350716,0.00014006236863356447
2022-07-01 00:00:00+00:00,0.0006207554254738838,0.0006207598692732094,0.32869559836129786,7.406332209303201e-06
2022-07-05 00:00:00+00:00,0.0011316462584640243,0.001136288175683151,0.3364321270598424,0.00773652869854452
2022-07-06 00:00:00+00:00,0.005087090171525498,0.005089106093659771,0.33979199728363246,0.0033598702237900846
2022-07-07 00:00:00+00:00,-0.0002795125485280349,-0.00027944583137108685,0.33968080202205236,0.00011119526158009929
2022-07-08 00:00:00+00:00,-0.0038346901048063767,-0.00383215903582675,0.33546235372267436,0.004218448299378008
2022-07-11 00:00:00+00:00,-0.002983665252438592,-0.002982703711530315,0.33706492190313636,0.0016025681804620051
2022-07-12 00:00:00+00:00,-0.0018296031027231882,-0.0018235085876127917,0.3472224470871307,0.01015752518399432
2022-07-13 00:00:00+00:00,-0.0009084604916936879,-0.0008955299690959461,0.3687733180833669,0.021550870996236204
2022-07-14 00:00:00+00:00,0.00812830464160439,0.00816341655110827,0.4272931672564993,0.05851984917313241
2022-07-15 00:00:00+00:00,-0.003530039839407385,-0.00352991035710119,0.42750897110015773,0.0002158038436584353
2022-07-18 00:00:00+00:00,0.01133897944852564,0.011343586382431896,0.4198307479230616,0.007678223177096155
2022-07-19 00:00:00+00:00,0.003069572511287086,0.003110519127690542,0.4880751085954884,0.06824436067242684
2022-07-20 00:00:00+00:00,-0.00029284506515729305,0.0,0.0,0.4880751085954884
2022-07-21 00:00:00+00:00,-0.004745233400255261,-0.004456999642521502,0.48038959622293115,0.48038959622293115
2022-07-22 00:00:00+00:00,-0.0002882337577337587,0.0,0.0,0.48038959622293115
2022-07-25 00:00:00+00:00,-0.005860434875478695,-0.005577576130055385,0.4714312423721838,0.4714312423721838
2022-07-26 00:00:00+00:00,0.014279602048121332,0.014327812516395887,0.5517820228297758,0.08035078045759203
2022-07-27 00:00:00+00:00,0.0067317239939456005,0.006740355921113356,0.5373954775501837,0.014386545279592156
2022-07-28 00:00:00+00:00,-0.0003224372865301102,0.0,0.0,0.5373954775501837
2022-07-29 00:00:00+00:00,-0.0,-0.0,0.0,0.0
2022-08-01 00:00:00+00:00,-0.0,-0.0,0.0,0.0
2022-08-02 00:00:00+00:00,0.0,0.0,0.0,0.0
2022-08-03 00:00:00+00:00,-0.0,-0.0,0.0,0.0
2022-08-04 00:00:00+00:00,-0.0,-0.0,0.0,0.0
2022-08-05 00:00:00+00:00,-0.0,-0.0,0.0,0.0
2022-08-08 00:00:00+00:00,-0.0,-0.0,0.0,0.0
2022-08-09 00:00:00+00:00,0.0,0.0,0.0,0.0
2022-08-10 00:00:00+00:00,-0.00032173464165289163,0.0,0.5362244027548194,0.5362244027548194
2022-08-11 00:00:00+00:00,-0.00032173464165289163,0.0,0.0,0.5362244027548194
2022-08-12 00:00:00+00:00,0.0,0.0,0.0,0.0
2022-08-15 00:00:00+00:00,0.0,0.0,0.0,0.0
2022-08-16 00:00:00+00:00,-0.0,-0.0,0.0,0.0
2022-08-17 00:00:00+00:00,0.0,0.0,0.0,0.0
2022-08-18 00:00:00+00:00,-0.008253733112729356,-0.007900957852880941,0.5879587664140258,0.5879587664140258
2022-08-19 00:00:00+00:00,-0.012361365988766535,-0.012358045386770235,0.5934931030745247,0.005534336660498962
2022-08-22 00:00:00+00:00,-0.0014060388877019092,-0.001396195978911784,0.5770882550909825,0.016404847983542248
2022-08-23 00:00:00+00:00,0.001619111532222417,0.0016551447381041684,0.5170329119547302,0.06005534313625227
2022-08-24 00:00:00+00:00,0.007535274973678781,0.0075457535459250175,0.5344971990317915,0.01746428707706127
2022-08-25 00:00:00+00:00,-0.02044967288524802,-0.020408612637870225,0.602930944661451,0.06843374562965954
2022-08-26 00:00:00+00:00,-0.0003617585667968706,-0.0,0.0,0.602930944661451
2022-08-29 00:00:00+00:00,-0.005719358996200157,-0.0054229665056797815,0.49398748420062544,0.49398748420062544
2022-08-30 00:00:00+00:00,-0.0037426989175457837,-0.0037413229816267066,0.49169425766883035,0.0022932265317950895
2022-08-31 00:00:00+00:00,0.0015232547306919101,0.0015264172481858835,0.48642339517887473,0.005270862489955619
2022-09-01 00:00:00+00:00,-0.005372003151319592,-0.005358924511025529,0.5082211290023112,0.02179773382343647
2022-09-02 00:00:00+00:00,-0.0019104246968436882,-0.0019090633982747742,0.5059522980541212,0.0022688309481899704
2022-09-06 00:00:00+00:00,0.008984365314238619,0.008987759299545414,0.5002956558761299,0.005656642177991333
2022-09-07 00:00:00+00:00,0.0032705223599866005,0.0032705626174165405,0.5003627515926964,6.709571656648983e-05
2022-09-08 00:00:00+00:00,-0.00030021765095561783,0.0,0.0,0.5003627515926964
2022-09-09 00:00:00+00:00,0.005123795500335192,0.005426748286039342,0.5049213095069163,0.5049213095069163
2022-09-12 00:00:00+00:00,-0.00030295278570414974,-0.0,0.0,0.5049213095069163
2022-09-13 00:00:00+00:00,0.0,0.0,0.0,0.0
2022-09-14 00:00:00+00:00,-0.0048125468427245854,-0.00457097686775635,0.4026166249470591,0.4026166249470591
2022-09-15 00:00:00+00:00,-0.0030635859807495404,-0.0030629073739668338,0.4014856136425478,0.0011310113045112646
2022-09-16 00:00:00+00:00,0.003098384994511006,0.0030994702543903152,0.39967684717703233,0.0018087664655154767
2022-09-19 00:00:00+00:00,-0.004612160325025192,-0.004610947906267409,0.4016975451066711,0.0020206979296387706
2022-09-20 00:00:00+00:00,-0.006961521167150283,-0.006959896515052529,0.3989897916104154,0.0027077534962556826
2022-09-21 00:00:00+00:00,-0.003444045646813785,-0.003437877942178531,0.4092692993358387,0.010279507725423298
2022-09-22 00:00:00+00:00,-0.00672421026051217,-0.006719273167719379,0.40104081134785213,0.008228487987986588
2022-09-23 00:00:00+00:00,-0.003986096142989252,-0.0039850244859528546,0.4028269064085149,0.0017860950606627402
2022-09-26 00:00:00+00:00,-0.0010646901871889532,-0.0010577710429704754,0.41435881343931125,0.011531907030796373
2022-09-27 00:00:00+00:00,0.008963173104044712,0.008988654475829333,0.4568277664136787,0.04246895297436748
2022-09-28 00:00:00+00:00,-0.009539108837940399,-0.009539004511800597,0.4566538895140102,0.0001738768996685236
2022-09-29 00:00:00+00:00,-0.006624079443911954,-0.006606425480700633,0.4272306174951422,0.02942327201886802
2022-09-30 00:00:00+00:00,0.01090427600586214,0.010912611067077879,0.4133388488022435,0.01389176869289871
2022-10-03 00:00:00+00:00,0.012712938063530832,0.012714743758406607,0.4103293573426173,0.0030094914596262012
2022-10-04 00:00:00+00:00,-0.0008946529713199538,-0.0008735654617326843,0.3751835080305013,0.03514584931211595
2022-10-05 00:00:00+00:00,-0.003546132890342099,-0.0035261178080875054,0.34182503760617833,0.033358470424322995
2022-10-06 00:00:00+00:00,-0.009843709929757428,-0.009837207278207201,0.3526627901898918,0.010837752583713445
2022-10-07 00:00:00+00:00,-0.0026994832413830424,-0.002698985996547093,0.3534915315831405,0.0008287413932487331
2022-10-10 00:00:00+00:00,-0.00221093268491213,-0.0022080311472460062,0.34865563547293404,0.004835896110206461
2022-10-11 00:00:00+00:00,-0.001180639328462536,-0.001175933931675846,0.356497963450751,0.007842327977816976
2022-10-12 00:00:00+00:00,0.01079823578259863,0.010830568399501146,0.4103856582882771,0.05388769483752609
2022-10-13 00:00:00+00:00,-0.009426620600908028,-0.00942471145262577,0.41356757209203865,0.003181913803761538
2022-10-14 00:00:00+00:00,0.00970562310517418,0.009726656764949389,0.37851147246669054,0.035056099625348114
2022-10-17 00:00:00+00:00,0.004293955586464282,0.004301406564505615,0.3660931757311364,0.012418296735554113
2022-10-18 00:00:00+00:00,-0.0024566009635812757,-0.0024438661953148444,0.34486856195375093,0.021224613777385493
2022-10-19 00:00:00+00:00,-0.002869808025867927,-0.0028681077523082174,0.3420347726875683,0.002833789266182607
2022-10-20 00:00:00+00:00,0.008458864336076517,0.008462580772981903,0.3482288341965447,0.0061940615089763895
2022-10-21 00:00:00+00:00,0.004261061229298815,0.004261064841463661,0.3482348544712876,6.0202747428905745e-06
2022-10-24 00:00:00+00:00,0.005421838696343184,0.00542687042516946,0.3398486397608267,0.008386214710460915
2022-10-25 00:00:00+00:00,-0.0025641401834530274,-0.0025638641893236365,0.3403086299764783,0.0004599902156516289
2022-10-26 00:00:00+00:00,-0.0017986564492694088,-0.0017963037264832763,0.3363874253329241,0.003921204643554221
2022-10-27 00:00:00+00:00,0.008123556301899705,0.008126678483200601,0.34159106083441826,0.005203635501494164
2022-10-28 00:00:00+00:00,-0.0025708348408275917,-0.002562904508478068,0.35480828141695725,0.013217220582538991
2022-10-31 00:00:00+00:00,-0.00021288496885017434,-0.0,0.0,0.35480828141695725
2022-11-01 00:00:00+00:00,-0.009393614642552242,-0.00917427481752218,0.3655663750501038,0.3655663750501038
2022-11-02 00:00:00+00:00,-0.004084926884580875,-0.004067273548427964,0.3949886019716212,0.029422226921517414
2022-11-03 00:00:00+00:00,0.005326565555025397,0.005340916747153494,0.3710699484247942,0.02391865354682704
2022-11-04 00:00:00+00:00,0.00354959219117943,0.003549599771977085,0.37108258308755226,1.2634662758082005e-05
2022-11-07 00:00:00+00:00,0.0021176188701406188,0.0021320673924228807,0.39516345355798915,0.024080870470436888
2022-11-08 00:00:00+00:00,-0.008183965830876902,-0.008182755887601334,0.39718002568393473,0.0020165721259455816
2022-11-09 00:00:00+00:00,0.02201888419554607,0.022021004992609974,0.4007146874571032,0.003534661773168468
2022-11-10 00:00:00+00:00,0.0036688923228717077,0.0036811132536063284,0.3803464695660688,0.02036821789103438
2022-11-11 00:00:00+00:00,-0.0002282078817396413,-0.0,0.0,0.3803464695660688
2022-11-14 00:00:00+00:00,0.002677201413670641,0.002879785955290697,0.33764090270009356,0.33764090270009356
2022-11-15 00:00:00+00:00,-0.002632971870151078,-0.0026288015857154064,0.34459137675954626,0.006950474059452705
2022-11-16 00:00:00+00:00,-0.00020675482605572775,-0.0,0.0,0.34459137675954626
2022-11-17 00:00:00+00:00,0.0013609341612827322,0.0015681600921919167,0.34537655151530733,0.34537655151530733
2022-11-18 00:00:00+00:00,-0.0012677269049772189,-0.0012660396360399079,0.34818866641082563,0.002812114895518303
2022-11-21 00:00:00+00:00,-0.0002089131998464954,0.0,0.0,0.34818866641082563
2022-11-22 00:00:00+00:00,0.0020679939246491703,0.0022856183184939826,0.3627073230746874,0.3627073230746874
2022-11-23 00:00:00+00:00,-0.00021762439384481245,-0.0,0.0,0.3627073230746874
2022-11-25 00:00:00+00:00,-0.0,-0.0,0.0,0.0
2022-11-28 00:00:00+00:00,-0.0,-0.0,0.0,0.0
2022-11-29 00:00:00+00:00,0.0,0.0,0.0,0.0
2022-11-30 00:00:00+00:00,-0.0,-0.0,0.0,0.0
2022-12-01 00:00:00+00:00,-0.0,-0.0,0.0,0.0
2022-12-02 00:00:00+00:00,-0.0,-0.0,0.0,0.0
2022-12-05 00:00:00+00:00,-0.0,-0.0,0.0,0.0
2022-12-06 00:00:00+00:00,-0.0008516755568124676,-0.0006296220395317203,0.37008919546791236,0.37008919546791236
2022-12-07 00:00:00+00:00,0.0028339769511571225,0.002838625423572214,0.3623417414427591,0.007747454025153255
2022-12-08 00:00:00+00:00,-0.00021740504486565548,-0.0,0.0,0.3623417414427591
2022-12-09 00:00:00+00:00,0.0,0.0,0.0,0.0
2022-12-12 00:00:00+00:00,0.0,0.0,0.0,0.0
2022-12-13 00:00:00+00:00,-0.0,-0.0,0.0,0.0
2022-12-14 00:00:00+00:00,-0.0,-0.0,0.0,0.0
2022-12-15 00:00:00+00:00,-0.0,-0.0,0.0,0.0
2022-12-16 00:00:00+00:00,-0.004504852711361817,-0.004207162064568136,0.4961510779894681,0.4961510779894681
2022-12-19 00:00:00+00:00,0.0006611081993740482,0.000666524453246866,0.4871239882014385,0.00902708978802963
2022-12-20 00:00:00+00:00,0.00726690133284512,0.007267548396358599,0.4860455490123062,0.0010784391891323075
2022-12-21 00:00:00+00:00,-0.0002916273294073837,-0.0,0.0,0.4860455490123062
2022-12-22 00:00:00+00:00,0.0,0.0,0.0,0.0
2022-12-23 00:00:00+00:00,-0.0021628436922368766,-0.0018772263186412784,0.4760289559926636,0.4760289559926636
2022-12-27 00:00:00+00:00,-0.00028561737359559814,-0.0,0.0,0.4760289559926636
2022-12-28 00:00:00+00:00,0.008454830012040598,0.008746371305789273,0.48590215624779354,0.48590215624779354
2022-12-29 00:00:00+00:00,-0.0012628390699123,-0.0012578392495459527,0.47756912230388127,0.008333033943912271
2022-12-30 00:00:00+00:00,-0.0002865414733823288,-0.0,0.0,0.47756912230388127
2023-01-03 00:00:00+00:00,0.003858346994166262,0.0041834793800749415,0.5418873098477998,0.5418873098477998
2023-01-04 00:00:00+00:00,-0.006186795462100081,-0.006186695994890233,0.5420530885308795,0.00016577868307976473
2023-01-05 00:00:00+00:00,-0.0003252318531185277,0.0,0.0,0.5420530885308795
2023-01-06 00:00:00+00:00,-0.0006599534811852403,-0.00032056480713254013,0.5656477900878336,0.5656477900878336
2023-01-09 00:00:00+00:00,-0.00033938867405270014,0.0,0.0,0.5656477900878336
2023-01-10 00:00:00+00:00,0.006189773427511152,0.006498029020812395,0.5137593221687378,0.5137593221687378
2023-01-11 00:00:00+00:00,-0.00030825559330124267,0.0,0.0,0.5137593221687378
2023-01-12 00:00:00+00:00,0.0,0.0,0.0,0.0
2023-01-13 00:00:00+00:00,-0.0,-0.0,0.0,0.0
2023-01-17 00:00:00+00:00,-0.0,-0.0,0.0,0.0
2023-01-18 00:00:00+00:00,-0.0,-0.0,0.0,0.0
2023-01-19 00:00:00+00:00,0.010474438253758675,0.010823020695061112,0.5809707355040611,0.5809707355040611
2023-01-20 00:00:00+00:00,-0.00034858244130243665,0.0,0.0,0.5809707355040611
2023-01-23 00:00:00+00:00,-0.0,-0.0,0.0,0.0
2023-01-24 00:00:00+00:00,0.0,0.0,0.0,0.0
2023-01-25 00:00:00+00:00,0.0,0.0,0.0,0.0
2023-01-26 00:00:00+00:00,0.0,0.0,0.0,0.0
2023-01-27 00:00:00+00:00,-0.0,-0.0,0.0,0.0
2023-01-30 00:00:00+00:00,0.0,0.0,0.0,0.0
2023-01-31 00:00:00+00:00,0.0,0.0,0.0,0.0
2023-02-01 00:00:00+00:00,0.0,0.0,0.0,0.0
2023-02-02 00:00:00+00:00,-0.0,-0.0,0.0,0.0
2023-02-03 00:00:00+00:00,-0.0,-0.0,0.0,0.0
2023-02-06 00:00:00+00:00,0.0,0.0,0.0,0.0
2023-02-07 00:00:00+00:00,-0.0,-0.0,0.0,0.0
2023-02-08 00:00:00+00:00,-0.0,-0.0,0.0,0.0
2023-02-09 00:00:00+00:00,0.0,0.0,0.0,0.0
2023-02-10 00:00:00+00:00,0.0,0.0,0.0,0.0
2023-02-13 00:00:00+00:00,-0.0,-0.0,0.0,0.0
2023-02-14 00:00:00+00:00,0.0,0.0,0.0,0.0
2023-02-15 00:00:00+00:00,-0.0,-0.0,0.0,0.0
2023-02-16 00:00:00+00:00,-0.0,-0.0,0.0,0.0
2023-02-17 00:00:00+00:00,-0.0,-0.0,0.0,0.0
2023-02-21 00:00:00+00:00,-0.0,-0.0,0.0,0.0
2023-02-22 00:00:00+00:00,0.0,0.0,0.0,0.0
2023-02-23 00:00:00+00:00,-0.0,-0.0,0.0,0.0
2023-02-24 00:00:00+00:00,0.0,0.0,0.0,0.0
2023-02-27 00:00:00+00:00,-0.0,-0.0,0.0,0.0
2023-02-28 00:00:00+00:00,-0.0,-0.0,0.0,0.0
2023-03-01 00:00:00+00:00,0.0,0.0,0.0,0.0
2023-03-02 00:00:00+00:00,0.0,0.0,0.0,0.0
2023-03-03 00:00:00+00:00,0.0,0.0,0.0,0.0
2023-03-06 00:00:00+00:00,-0.0,-0.0,0.0,0.0
2023-03-07 00:00:00+00:00,0.0,0.0,0.0,0.0
2023-03-08 00:00:00+00:00,-0.0,-0.0,0.0,0.0
2023-03-09 00:00:00+00:00,-0.0,-0.0,0.0,0.0
2023-03-10 00:00:00+00:00,-0.0,-0.0,0.0,0.0
2023-03-13 00:00:00+00:00,0.0,0.0,0.0,0.0
2023-03-14 00:00:00+00:00,-0.0,-0.0,0.0,0.0
2023-03-15 00:00:00+00:00,0.0,0.0,0.0,0.0
2023-03-16 00:00:00+00:00,-0.0,-0.0,0.0,0.0
2023-03-17 00:00:00+00:00,0.0,0.0,0.0,0.0
2023-03-20 00:00:00+00:00,0.0,0.0,0.0,0.0
2023-03-21 00:00:00+00:00,-0.0,-0.0,0.0,0.0
2023-03-22 00:00:00+00:00,0.0,0.0,0.0,0.0
2023-03-23 00:00:00+00:00,0.0,0.0,0.0,0.0
2023-03-24 00:00:00+00:00,0.0,0.0,0.0,0.0
2023-03-27 00:00:00+00:00,-0.0,-0.0,0.0,0.0
2023-03-28 00:00:00+00:00,0.0,0.0,0.0,0.0
2023-03-29 00:00:00+00:00,0.0,0.0,0.0,0.0
2023-03-30 00:00:00+00:00,0.0,0.0,0.0,0.0
2023-03-31 00:00:00+00:00,0.0,0.0,0.0,0.0
2023-04-03 00:00:00+00:00,-0.0,-0.0,0.0,0.0
2023-04-04 00:00:00+00:00,-0.0,-0.0,0.0,0.0
2023-04-05 00:00:00+00:00,0.0,0.0,0.0,0.0
2023-04-06 00:00:00+00:00,0.0,0.0,0.0,0.0
2023-04-10 00:00:00+00:00,0.0,0.0,0.0,0.0
2023-04-11 00:00:00+00:00,-0.0,-0.0,0.0,0.0
2023-04-12 00:00:00+00:00,0.0,0.0,0.0,0.0
2023-04-13 00:00:00+00:00,-0.0,-0.0,0.0,0.0
2023-04-14 00:00:00+00:00,0.0,0.0,0.0,0.0
2023-04-17 00:00:00+00:00,0.0,0.0,0.0,0.0
2023-04-18 00:00:00+00:00,-0.0,-0.0,0.0,0.0
2023-04-19 00:00:00+00:00,-0.0,-0.0,0.0,0.0
2023-04-20 00:00:00+00:00,0.0,0.0,0.0,0.0
2023-04-21 00:00:00+00:00,0.0,0.0,0.0,0.0
2023-04-24 00:00:00+00:00,-0.0,-0.0,0.0,0.0
2023-04-25 00:00:00+00:00,-0.0,-0.0,0.0,0.0
2023-04-26 00:00:00+00:00,0.0,0.0,0.0,0.0
2023-04-27 00:00:00+00:00,0.0,0.0,0.0,0.0
2023-04-28 00:00:00+00:00,-0.0,-0.0,0.0,0.0
2023-05-01 00:00:00+00:00,-0.0,-0.0,0.0,0.0
2023-05-02 00:00:00+00:00,-0.0,-0.0,0.0,0.0
2023-05-03 00:00:00+00:00,-0.0,-0.0,0.0,0.0
2023-05-04 00:00:00+00:00,0.0,0.0,0.0,0.0
2023-05-05 00:00:00+00:00,0.0,0.0,0.0,0.0
2023-05-08 00:00:00+00:00,-0.0,-0.0,0.0,0.0
2023-05-09 00:00:00+00:00,0.0,0.0,0.0,0.0
2023-05-10 00:00:00+00:00,-0.0,-0.0,0.0,0.0
2023-05-11 00:00:00+00:00,-0.0,-0.0,0.0,0.0
2023-05-12 00:00:00+00:00,0.0,0.0,0.0,0.0
2023-05-15 00:00:00+00:00,-0.0,-0.0,0.0,0.0
2023-05-16 00:00:00+00:00,0.0,0.0,0.0,0.0
2023-05-17 00:00:00+00:00,0.0,0.0,0.0,0.0
2023-05-18 00:00:00+00:00,-0.0,-0.0,0.0,0.0
2023-05-19 00:00:00+00:00,0.0,0.0,0.0,0.0
2023-05-22 00:00:00+00:00,-0.0,-0.0,0.0,0.0
2023-05-23 00:00:00+00:00,-0.0,-0.0,0.0,0.0
2023-05-24 00:00:00+00:00,0.0,0.0,0.0,0.0
2023-05-25 00:00:00+00:00,0.0,0.0,0.0,0.0
2023-05-26 00:00:00+00:00,0.0,0.0,0.0,0.0
2023-05-30 00:00:00+00:00,-0.0,-0.0,0.0,0.0
2023-05-31 00:00:00+00:00,0.0,0.0,0.0,0.0
2023-06-01 00:00:00+00:00,0.0,0.0,0.0,0.0
2023-06-02 00:00:00+00:00,-0.0,-0.0,0.0,0.0
2023-06-05 00:00:00+00:00,0.0,0.0,0.0,0.0
2023-06-06 00:00:00+00:00,-0.0,-0.0,0.0,0.0
2023-06-07 00:00:00+00:00,0.0,0.0,0.0,0.0
2023-06-08 00:00:00+00:00,0.0,0.0,0.0,0.0
2023-06-09 00:00:00+00:00,0.0,0.0,0.0,0.0
2023-06-12 00:00:00+00:00,0.0,0.0,0.0,0.0
2023-06-13 00:00:00+00:00,0.0,0.0,0.0,0.0
2023-06-14 00:00:00+00:00,0.0,0.0,0.0,0.0
2023-06-15 00:00:00+00:00,-0.0,-0.0,0.0,0.0
2023-06-16 00:00:00+00:00,-0.0,-0.0,0.0,0.0
2023-06-20 00:00:00+00:00,-0.0,-0.0,0.0,0.0
2023-06-21 00:00:00+00:00,0.0,0.0,0.0,0.0
2023-06-22 00:00:00+00:00,-0.0,-0.0,0.0,0.0
2023-06-23 00:00:00+00:00,-0.0,-0.0,0.0,0.0
2023-06-26 00:00:00+00:00,0.0,0.0,0.0,0.0
2023-06-27 00:00:00+00:00,0.0,0.0,0.0,0.0
2023-06-28 00:00:00+00:00,0.0,0.0,0.0,0.0
2023-06-29 00:00:00+00:00,0.0,0.0,0.0,0.0
2023-06-30 00:00:00+00:00,0.0,0.0,0.0,0.0
2023-07-03 00:00:00+00:00,-0.0,-0.0,0.0,0.0
2023-07-05 00:00:00+00:00,-0.0,-0.0,0.0,0.0
2023-07-06 00:00:00+00:00,-0.0,-0.0,0.0,0.0
2023-07-07 00:00:00+00:00,0.0,0.0,0.0,0.0
2023-07-10 00:00:00+00:00,0.0,0.0,0.0,0.0
2023-07-11 00:00:00+00:00,0.0,0.0,0.0,0.0
2023-07-12 00:00:00+00:00,0.0,0.0,0.0,0.0
2023-07-13 00:00:00+00:00,-0.0,-0.0,0.0,0.0
2023-07-14 00:00:00+00:00,0.0,0.0,0.0,0.0
2023-07-17 00:00:00+00:00,0.0,0.0,0.0,0.0
2023-07-18 00:00:00+00:00,0.0,0.0,0.0,0.0
2023-07-19 00:00:00+00:00,-0.0,-0.0,0.0,0.0
2023-07-20 00:00:00+00:00,0.0,0.0,0.0,0.0
2023-07-21 00:00:00+00:00,0.0,0.0,0.0,0.0
2023-07-24 00:00:00+00:00,0.0,0.0,0.0,0.0
2023-07-25 00:00:00+00:00,0.0,0.0,0.0,0.0
2023-07-26 00:00:00+00:00,-0.0,-0.0,0.0,0.0
2023-07-27 00:00:00+00:00,0.0,0.0,0.0,0.0
2023-07-28 00:00:00+00:00,0.0,0.0,0.0,0.0
2023-07-31 00:00:00+00:00,-0.0,-0.0,0.0,0.0
2023-08-01 00:00:00+00:00,-0.0,-0.0,0.0,0.0
2023-08-02 00:00:00+00:00,-0.0,-0.0,0.0,0.0
2023-08-03 00:00:00+00:00,-0.0,-0.0,0.0,0.0
2023-08-04 00:00:00+00:00,0.0,0.0,0.0,0.0
2023-08-07 00:00:00+00:00,-0.0,-0.0,0.0,0.0
2023-08-08 00:00:00+00:00,-0.0,-0.0,0.0,0.0
2023-08-09 00:00:00+00:00,0.0,0.0,0.0,0.0
2023-08-10 00:00:00+00:00,-0.0,-0.0,0.0,0.0
2023-08-11 00:00:00+00:00,0.0,0.0,0.0,0.0
2023-08-14 00:00:00+00:00,-0.0,-0.0,0.0,0.0
2023-08-15 00:00:00+00:00,-0.0,-0.0,0.0,0.0
2023-08-16 00:00:00+00:00,-0.0,-0.0,0.0,0.0
2023-08-17 00:00:00+00:00,0.0,0.0,0.0,0.0
2023-08-18 00:00:00+00:00,0.0,0.0,0.0,0.0
2023-08-21 00:00:00+00:00,-0.0,-0.0,0.0,0.0
2023-08-22 00:00:00+00:00,0.0,0.0,0.0,0.0
2023-08-23 00:00:00+00:00,-0.0,-0.0,0.0,0.0
2023-08-24 00:00:00+00:00,0.0,0.0,0.0,0.0
2023-08-25 00:00:00+00:00,0.0,0.0,0.0,0.0
2023-08-28 00:00:00+00:00,0.0,0.0,0.0,0.0
2023-08-29 00:00:00+00:00,0.0,0.0,0.0,0.0
2023-08-30 00:00:00+00:00,-0.0,-0.0,0.0,0.0
2023-08-31 00:00:00+00:00,0.0,0.0,0.0,0.0
2023-09-01 00:00:00+00:00,-0.0,-0.0,0.0,0.0
2023-09-05 00:00:00+00:00,-0.0,-0.0,0.0,0.0
2023-09-06 00:00:00+00:00,-0.0,-0.0,0.0,0.0
2023-09-07 00:00:00+00:00,0.0,0.0,0.0,0.0
2023-09-08 00:00:00+00:00,0.0,0.0,0.0,0.0
2023-09-11 00:00:00+00:00,-0.0,-0.0,0.0,0.0
2023-09-12 00:00:00+00:00,0.0,0.0,0.0,0.0
2023-09-13 00:00:00+00:00,0.0,0.0,0.0,0.0
2023-09-14 00:00:00+00:00,-0.0,-0.0,0.0,0.0
2023-09-15 00:00:00+00:00,0.0,0.0,0.0,0.0
2023-09-18 00:00:00+00:00,-0.0,-0.0,0.0,0.0
2023-09-19 00:00:00+00:00,-0.0,-0.0,0.0,0.0
2023-09-20 00:00:00+00:00,-0.0,-0.0,0.0,0.0
2023-09-21 00:00:00+00:00,-0.0,-0.0,0.0,0.0
2023-09-22 00:00:00+00:00,0.0,0.0,0.0,0.0
2023-09-25 00:00:00+00:00,-0.0,-0.0,0.0,0.0
2023-09-26 00:00:00+00:00,0.0,0.0,0.0,0.0
2023-09-27 00:00:00+00:00,0.0,0.0,0.0,0.0
2023-09-28 00:00:00+00:00,-0.0,-0.0,0.0,0.0
2023-09-29 00:00:00+00:00,-0.0,-0.0,0.0,0.0
2023-10-02 00:00:00+00:00,-0.0,-0.0,0.0,0.0
2023-10-03 00:00:00+00:00,0.0,0.0,0.0,0.0
2023-10-04 00:00:00+00:00,-0.0,-0.0,0.0,0.0
2023-10-05 00:00:00+00:00,0.0,0.0,0.0,0.0
2023-10-06 00:00:00+00:00,0.0,0.0,0.0,0.0
2023-10-09 00:00:00+00:00,0.0,0.0,0.0,0.0
2023-10-10 00:00:00+00:00,0.0,0.0,0.0,0.0
2023-10-11 00:00:00+00:00,-0.0,-0.0,0.0,0.0
2023-10-12 00:00:00+00:00,-0.0,-0.0,0.0,0.0
2023-10-13 00:00:00+00:00,0.0,0.0,0.0,0.0
2023-10-16 00:00:00+00:00,-0.0,-0.0,0.0,0.0
2023-10-17 00:00:00+00:00,-0.0,-0.0,0.0,0.0
2023-10-18 00:00:00+00:00,-0.0,-0.0,0.0,0.0
2023-10-19 00:00:00+00:00,-0.0,-0.0,0.0,0.0
2023-10-20 00:00:00+00:00,-0.0,-0.0,0.0,0.0
2023-10-23 00:00:00+00:00,0.0,0.0,0.0,0.0
2023-10-24 00:00:00+00:00,-0.0,-0.0,0.0,0.0
2023-10-25 00:00:00+00:00,-0.0,-0.0,0.0,0.0
2023-10-26 00:00:00+00:00,-0.0,-0.0,0.0,0.0
2023-10-27 00:00:00+00:00,0.0,0.0,0.0,0.0
2023-10-30 00:00:00+00:00,0.0,0.0,0.0,0.0
2023-10-31 00:00:00+00:00,0.0,0.0,0.0,0.0
2023-11-01 00:00:00+00:00,0.0,0.0,0.0,0.0
2023-11-02 00:00:00+00:00,0.0,0.0,0.0,0.0
2023-11-03 00:00:00+00:00,0.0,0.0,0.0,0.0
2023-11-06 00:00:00+00:00,0.0,0.0,0.0,0.0
2023-11-07 00:00:00+00:00,0.0,0.0,0.0,0.0
2023-11-08 00:00:00+00:00,-0.0,-0.0,0.0,0.0
2023-11-09 00:00:00+00:00,0.0,0.0,0.0,0.0
2023-11-10 00:00:00+00:00,-0.0,-0.0,0.0,0.0
2023-11-13 00:00:00+00:00,0.0,0.0,0.0,0.0
2023-11-14 00:00:00+00:00,0.0,0.0,0.0,0.0
2023-11-15 00:00:00+00:00,0.0,0.0,0.0,0.0
2023-11-16 00:00:00+00:00,0.0,0.0,0.0,0.0
2023-11-17 00:00:00+00:00,0.0,0.0,0.0,0.0
2023-11-20 00:00:00+00:00,-0.0,-0.0,0.0,0.0
2023-11-21 00:00:00+00:00,0.0,0.0,0.0,0.0
2023-11-22 00:00:00+00:00,0.0,0.0,0.0,0.0
2023-11-24 00:00:00+00:00,-0.0,-0.0,0.0,0.0
2023-11-27 00:00:00+00:00,0.0,0.0,0.0,0.0
2023-11-28 00:00:00+00:00,-0.0,-0.0,0.0,0.0
2023-11-29 00:00:00+00:00,0.0,0.0,0.0,0.0
2023-11-30 00:00:00+00:00,0.0,0.0,0.0,0.0
2023-12-01 00:00:00+00:00,-0.0,-0.0,0.0,0.0
2023-12-04 00:00:00+00:00,-0.0,-0.0,0.0,0.0
2023-12-05 00:00:00+00:00,-0.0,-0.0,0.0,0.0
2023-12-06 00:00:00+00:00,0.0,0.0,0.0,0.0
2023-12-07 00:00:00+00:00,0.0,0.0,0.0,0.0
2023-12-08 00:00:00+00:00,0.0,0.0,0.0,0.0
2023-12-11 00:00:00+00:00,0.0,0.0,0.0,0.0
2023-12-12 00:00:00+00:00,0.0,0.0,0.0,0.0
2023-12-13 00:00:00+00:00,0.0,0.0,0.0,0.0
2023-12-14 00:00:00+00:00,-0.0,-0.0,0.0,0.0
2023-12-15 00:00:00+00:00,0.0,0.0,0.0,0.0
2023-12-18 00:00:00+00:00,0.0,0.0,0.0,0.0
2023-12-19 00:00:00+00:00,-0.0,-0.0,0.0,0.0
2023-12-20 00:00:00+00:00,0.0,0.0,0.0,0.0
2023-12-21 00:00:00+00:00,0.0,0.0,0.0,0.0
2023-12-22 00:00:00+00:00,0.0,0.0,0.0,0.0
2023-12-26 00:00:00+00:00,0.0,0.0,0.0,0.0
2023-12-27 00:00:00+00:00,0.0,0.0,0.0,0.0
2023-12-28 00:00:00+00:00,-0.0,-0.0,0.0,0.0
2023-12-29 00:00:00+00:00,-0.0,-0.0,0.0,0.0
2024-01-02 00:00:00+00:00,-0.0,-0.0,0.0,0.0
2024-01-03 00:00:00+00:00,-0.0,-0.0,0.0,0.0
2024-01-04 00:00:00+00:00,0.0,0.0,0.0,0.0
2024-01-05 00:00:00+00:00,0.0,0.0,0.0,0.0
2024-01-08 00:00:00+00:00,-0.0,-0.0,0.0,0.0
2024-01-09 00:00:00+00:00,0.0,0.0,0.0,0.0
2024-01-10 00:00:00+00:00,-0.0,-0.0,0.0,0.0
2024-01-11 00:00:00+00:00,0.0,0.0,0.0,0.0
2024-01-12 00:00:00+00:00,-0.0,-0.0,0.0,0.0
2024-01-16 00:00:00+00:00,-0.0,-0.0,0.0,0.0
2024-01-17 00:00:00+00:00,0.0,0.0,0.0,0.0
2024-01-18 00:00:00+00:00,0.0,0.0,0.0,0.0
2024-01-19 00:00:00+00:00,0.0,0.0,0.0,0.0
2024-01-22 00:00:00+00:00,0.0,0.0,0.0,0.0
2024-01-23 00:00:00+00:00,0.0,0.0,0.0,0.0
2024-01-24 00:00:00+00:00,0.0,0.0,0.0,0.0
2024-01-25 00:00:00+00:00,-0.0,-0.0,0.0,0.0
2024-01-26 00:00:00+00:00,0.0,0.0,0.0,0.0
2024-01-29 00:00:00+00:00,-0.0,-0.0,0.0,0.0
2024-01-30 00:00:00+00:00,-0.0,-0.0,0.0,0.0
2024-01-31 00:00:00+00:00,0.0,0.0,0.0,0.0
2024-02-01 00:00:00+00:00,0.0,0.0,0.0,0.0
2024-02-02 00:00:00+00:00,-0.0,-0.0,0.0,0.0
2024-02-05 00:00:00+00:00,0.0,0.0,0.0,0.0
2024-02-06 00:00:00+00:00,0.0,0.0,0.0,0.0
2024-02-07 00:00:00+00:00,0.0,0.0,0.0,0.0
2024-02-08 00:00:00+00:00,0.0,0.0,0.0,0.0
2024-02-09 00:00:00+00:00,-0.0,-0.0,0.0,0.0
2024-02-12 00:00:00+00:00,-0.0,-0.0,0.0,0.0
2024-02-13 00:00:00+00:00,0.0,0.0,0.0,0.0
2024-02-14 00:00:00+00:00,0.0,0.0,0.0,0.0
2024-02-15 00:00:00+00:00,-0.0,-0.0,0.0,0.0
2024-02-16 00:00:00+00:00,-0.0,-0.0,0.0,0.0
2024-02-20 00:00:00+00:00,0.0,0.0,0.0,0.0
2024-02-21 00:00:00+00:00,0.0,0.0,0.0,0.0
2024-02-22 00:00:00+00:00,0.0,0.0,0.0,0.0
2024-02-23 00:00:00+00:00,-0.0,-0.0,0.0,0.0
2024-02-26 00:00:00+00:00,0.0,0.0,0.0,0.0
2024-02-27 00:00:00+00:00,-0.0,-0.0,0.0,0.0
2024-02-28 00:00:00+00:00,0.0,0.0,0.0,0.0
2024-02-29 00:00:00+00:00,0.0,0.0,0.0,0.0
2024-03-01 00:00:00+00:00,-0.0,-0.0,0.0,0.0
2024-03-04 00:00:00+00:00,-0.0,-0.0,0.0,0.0
2024-03-05 00:00:00+00:00,0.0,0.0,0.0,0.0
2024-03-06 00:00:00+00:00,0.0,0.0,0.0,0.0
2024-03-07 00:00:00+00:00,-0.0,-0.0,0.0,0.0
2024-03-08 00:00:00+00:00,-0.0,-0.0,0.0,0.0
2024-03-11 00:00:00+00:00,0.0,0.0,0.0,0.0
2024-03-12 00:00:00+00:00,-0.0,-0.0,0.0,0.0
2024-03-13 00:00:00+00:00,-0.0,-0.0,0.0,0.0
2024-03-14 00:00:00+00:00,-0.0,-0.0,0.0,0.0
2024-03-15 00:00:00+00:00,0.0,0.0,0.0,0.0
2024-03-18 00:00:00+00:00,0.0,0.0,0.0,0.0
2024-03-19 00:00:00+00:00,0.0,0.0,0.0,0.0
2024-03-20 00:00:00+00:00,0.0,0.0,0.0,0.0
2024-03-21 00:00:00+00:00,-0.0,-0.0,0.0,0.0
2024-03-22 00:00:00+00:00,-0.0,-0.0,0.0,0.0
2024-03-25 00:00:00+00:00,-0.0,-0.0,0.0,0.0
2024-03-26 00:00:00+00:00,0.0,0.0,0.0,0.0
2024-03-27 00:00:00+00:00,-0.0,-0.0,0.0,0.0
2024-03-28 00:00:00+00:00,-0.0,-0.0,0.0,0.0
2024-04-01 00:00:00+00:00,-0.0,-0.0,0.0,0.0
2024-04-02 00:00:00+00:00,0.0,0.0,0.0,0.0
2024-04-03 00:00:00+00:00,-0.0,-0.0,0.0,0.0
2024-04-04 00:00:00+00:00,0.0,0.0,0.0,0.0
2024-04-05 00:00:00+00:00,0.0,0.0,0.0,0.0
2024-04-08 00:00:00+00:00,0.0,0.0,0.0,0.0
2024-04-09 00:00:00+00:00,-0.0,-0.0,0.0,0.0
2024-04-10 00:00:00+00:00,0.0,0.0,0.0,0.0
2024-04-11 00:00:00+00:00,-0.0,-0.0,0.0,0.0
2024-04-12 00:00:00+00:00,-0.0,-0.0,0.0,0.0
2024-04-15 00:00:00+00:00,-0.0,-0.0,0.0,0.0
2024-04-16 00:00:00+00:00,-0.0,-0.0,0.0,0.0
2024-04-17 00:00:00+00:00,-0.0,-0.0,0.0,0.0
2024-04-18 00:00:00+00:00,-0.0,-0.0,0.0,0.0
2024-04-19 00:00:00+00:00,0.0,0.0,0.0,0.0
2024-04-22 00:00:00+00:00,0.0,0.0,0.0,0.0
2024-04-23 00:00:00+00:00,-0.0,-0.0,0.0,0.0
2024-04-24 00:00:00+00:00,-0.0,-0.0,0.0,0.0
2024-04-25 00:00:00+00:00,0.0,0.0,0.0,0.0
2024-04-26 00:00:00+00:00,0.0,0.0,0.0,0.0
2024-04-29 00:00:00+00:00,-0.0,-0.0,0.0,0.0
2024-04-30 00:00:00+00:00,-0.0,-0.0,0.0,0.0
2024-05-01 00:00:00+00:00,0.006365314418726849,0.006801624231007336,0.7271830204674784,0.7271830204674784
2024-05-02 00:00:00+00:00,-0.000436309812280487,0.0,0.0,0.7271830204674784
2024-05-03 00:00:00+00:00,0.0,0.0,0.0,0.0
2024-05-06 00:00:00+00:00,0.0,0.0,0.0,0.0
2024-05-07 00:00:00+00:00,0.0,0.0,0.0,0.0
2024-05-08 00:00:00+00:00,0.0,0.0,0.0,0.0
2024-05-09 00:00:00+00:00,0.0,0.0,0.0,0.0
2024-05-10 00:00:00+00:00,0.0,0.0,0.0,0.0
2024-05-13 00:00:00+00:00,0.0,0.0,0.0,0.0
2024-05-14 00:00:00+00:00,0.0,0.0,0.0,0.0
2024-05-15 00:00:00+00:00,-0.0,-0.0,0.0,0.0
2024-05-16 00:00:00+00:00,0.0,0.0,0.0,0.0
2024-05-17 00:00:00+00:00,0.0,0.0,0.0,0.0
2024-05-20 00:00:00+00:00,0.0,0.0,0.0,0.0
2024-05-21 00:00:00+00:00,-0.0,-0.0,0.0,0.0
2024-05-22 00:00:00+00:00,-0.0,-0.0,0.0,0.0
2024-05-23 00:00:00+00:00,0.0,0.0,0.0,0.0
2024-05-24 00:00:00+00:00,0.0,0.0,0.0,0.0
2024-05-28 00:00:00+00:00,-0.0,-0.0,0.0,0.0
2024-05-29 00:00:00+00:00,-0.0,-0.0,0.0,0.0
2024-05-30 00:00:00+00:00,0.008508152587867569,0.009108152587867568,1.0,1.0
2024-05-31 00:00:00+00:00,-0.0006,0.0,0.0,1.0
2024-06-03 00:00:00+00:00,0.0,0.0,0.0,0.0
2024-06-04 00:00:00+00:00,0.0,0.0,0.0,0.0
2024-06-05 00:00:00+00:00,-0.0,-0.0,0.0,0.0
2024-06-06 00:00:00+00:00,-0.0,-0.0,0.0,0.0
2024-06-07 00:00:00+00:00,0.0,0.0,0.0,0.0
2024-06-10 00:00:00+00:00,0.0,0.0,0.0,0.0
2024-06-11 00:00:00+00:00,0.0,0.0,0.0,0.0
2024-06-12 00:00:00+00:00,0.0,0.0,0.0,0.0
2024-06-13 00:00:00+00:00,0.0,0.0,0.0,0.0
2024-06-14 00:00:00+00:00,0.0,0.0,0.0,0.0
2024-06-17 00:00:00+00:00,0.0,0.0,0.0,0.0
2024-06-18 00:00:00+00:00,-0.0,-0.0,0.0,0.0
2024-06-20 00:00:00+00:00,-0.0,-0.0,0.0,0.0
2024-06-21 00:00:00+00:00,-0.0,-0.0,0.0,0.0
2024-06-24 00:00:00+00:00,0.0,0.0,0.0,0.0
2024-06-25 00:00:00+00:00,0.0,0.0,0.0,0.0
2024-06-26 00:00:00+00:00,0.0,0.0,0.0,0.0
2024-06-27 00:00:00+00:00,-0.0,-0.0,0.0,0.0
2024-06-28 00:00:00+00:00,0.0,0.0,0.0,0.0
2024-07-01 00:00:00+00:00,0.0,0.0,0.0,0.0
2024-07-02 00:00:00+00:00,0.0,0.0,0.0,0.0
2024-07-03 00:00:00+00:00,0.0,0.0,0.0,0.0
2024-07-05 00:00:00+00:00,0.0,0.0,0.0,0.0
2024-07-08 00:00:00+00:00,0.0,0.0,0.0,0.0
2024-07-09 00:00:00+00:00,0.0,0.0,0.0,0.0
2024-07-10 00:00:00+00:00,-0.0,-0.0,0.0,0.0
2024-07-11 00:00:00+00:00,0.0,0.0,0.0,0.0
2024-07-12 00:00:00+00:00,0.0021499525812533234,0.002749952581253323,1.0,1.0
2024-07-15 00:00:00+00:00,-0.0006,0.0,0.0,1.0
2024-07-16 00:00:00+00:00,-0.0,-0.0,0.0,0.0
2024-07-17 00:00:00+00:00,-0.0,-0.0,0.0,0.0
2024-07-18 00:00:00+00:00,-0.0072406410306124595,-0.00664064103061246,1.0,1.0
2024-07-19 00:00:00+00:00,0.010310082054099778,0.010310082054099778,1.0,0.0
2024-07-22 00:00:00+00:00,-0.0015686194110259288,-0.0015686194110259288,1.0,0.0
2024-07-23 00:00:00+00:00,-0.0006,-0.0,0.0,1.0
2024-07-24 00:00:00+00:00,-0.005706943491273005,-0.0051176174474758885,0.9822100729951937,0.9822100729951937
2024-07-25 00:00:00+00:00,0.008398060213054215,0.008530378668697828,0.7616793135891733,0.2205307594060204
2024-07-26 00:00:00+00:00,0.00044104187589335853,0.00044445736219797516,0.7559868364148122,0.005692477174361055
2024-07-29 00:00:00+00:00,-0.00045359210184888735,-0.0,0.0,0.7559868364148122
2024-07-30 00:00:00+00:00,0.011348785791932964,0.011783754632416087,0.7249480674718733,0.7249480674718733
2024-07-31 00:00:00+00:00,-0.010197603326856148,-0.010194585265524834,0.7199179652530165,0.005030102218856802
2024-08-01 00:00:00+00:00,-0.00043195077915180987,-0.0,0.0,0.7199179652530165
2024-08-02 00:00:00+00:00,-0.0190001220478878,-0.018616587915192592,0.6392235544920104,0.6392235544920104
2024-08-05 00:00:00+00:00,0.005509401513192352,0.005532861883491617,0.6001229373265694,0.039100617165441
2024-08-06 00:00:00+00:00,-0.003530340092148699,-0.0034829166427528435,0.5210838550001432,0.0790390823264262
2024-08-07 00:00:00+00:00,0.011750590154810251,0.011758065526877443,0.5086249015548252,0.012458953445318
2024-08-08 00:00:00+00:00,0.002301201739402298,0.0023103968057508113,0.5239500121356805,0.015325110580855283
2024-08-09 00:00:00+00:00,-0.0003143700072814083,0.0,0.0,0.5239500121356805
2024-08-12 00:00:00+00:00,0.007491605988256766,0.007775282645987446,0.4727944295511341,0.4727944295511341
2024-08-13 00:00:00+00:00,0.0014949324825861985,0.0014956982151397027,0.4740706504736411,0.0012762209225070098
2024-08-14 00:00:00+00:00,0.007792823073654146,0.007804081510522769,0.4553065890259368,0.018764061447704317
2024-08-15 00:00:00+00:00,0.0010348813510823616,0.0010400480198629366,0.4639177036602285,0.008611114634291706
2024-08-16 00:00:00+00:00,-0.00027835062219613713,0.0,0.0,0.4639177036602285
2024-08-19 00:00:00+00:00,-0.0010026370206299168,-0.0007324053598775052,0.4503861012540194,0.4503861012540194
2024-08-20 00:00:00+00:00,-0.00027023166075241167,0.0,0.0,0.4503861012540194
2024-08-21 00:00:00+00:00,-0.0,-0.0,0.0,0.0
2024-08-22 00:00:00+00:00,0.0,0.0,0.0,0.0
2024-08-23 00:00:00+00:00,-0.0,-0.0,0.0,0.0
2024-08-26 00:00:00+00:00,0.0,0.0,0.0,0.0
2024-08-27 00:00:00+00:00,-0.0,-0.0,0.0,0.0
2024-08-28 00:00:00+00:00,0.0,0.0,0.0,0.0
2024-08-29 00:00:00+00:00,0.0,0.0,0.0,0.0
2024-08-30 00:00:00+00:00,-0.0,-0.0,0.0,0.0
2024-09-03 00:00:00+00:00,-0.0,-0.0,0.0,0.0
2024-09-04 00:00:00+00:00,-0.0019192526195669249,-0.0015394617379457436,0.632984802701969,0.632984802701969
2024-09-05 00:00:00+00:00,-0.0003797908816211814,-0.0,0.0,0.632984802701969
2024-09-06 00:00:00+00:00,0.0068464363579090835,0.007234111741206638,0.6461256388292582,0.6461256388292582
2024-09-09 00:00:00+00:00,0.0028812001716281227,0.002891872483250641,0.6639128248667892,0.017787186037530933
2024-09-10 00:00:00+00:00,-0.0003983476949200735,0.0,0.0,0.6639128248667892
2024-09-11 00:00:00+00:00,0.005050145133174493,0.0054374640550896155,0.6455315365252048,0.6455315365252048
2024-09-12 00:00:00+00:00,-0.00038731892191512285,0.0,0.0,0.6455315365252048
2024-09-13 00:00:00+00:00,0.0,0.0,0.0,0.0
2024-09-16 00:00:00+00:00,0.0,0.0,0.0,0.0
2024-09-17 00:00:00+00:00,-0.0,-0.0,0.0,0.0
2024-09-18 00:00:00+00:00,0.0,0.0,0.0,0.0
2024-09-19 00:00:00+00:00,-0.0,-0.0,0.0,0.0
2024-09-20 00:00:00+00:00,0.0,0.0,0.0,0.0
2024-09-23 00:00:00+00:00,0.0,0.0,0.0,0.0
2024-09-24 00:00:00+00:00,-0.0,-0.0,0.0,0.0
2024-09-25 00:00:00+00:00,0.0,0.0,0.0,0.0
2024-09-26 00:00:00+00:00,-0.0,-0.0,0.0,0.0
2024-09-27 00:00:00+00:00,0.0,0.0,0.0,0.0
2024-09-30 00:00:00+00:00,-0.0,-0.0,0.0,0.0
2024-10-01 00:00:00+00:00,0.0,0.0,0.0,0.0
2024-10-02 00:00:00+00:00,-0.0,-0.0,0.0,0.0
2024-10-03 00:00:00+00:00,0.0,0.0,0.0,0.0
2024-10-04 00:00:00+00:00,-0.0,-0.0,0.0,0.0
2024-10-07 00:00:00+00:00,0.0,0.0,0.0,0.0
2024-10-08 00:00:00+00:00,0.006326483704299491,0.006926483704299491,1.0,1.0
2024-10-09 00:00:00+00:00,-0.0006,-0.0,0.0,1.0
2024-10-10 00:00:00+00:00,0.0,0.0,0.0,0.0
2024-10-11 00:00:00+00:00,0.0,0.0,0.0,0.0
2024-10-14 00:00:00+00:00,-0.0,-0.0,0.0,0.0
2024-10-15 00:00:00+00:00,0.0,0.0,0.0,0.0
2024-10-16 00:00:00+00:00,-0.0004831034417496131,8.06007421243875e-05,0.9395069731233344,0.9395069731233344
2024-10-17 00:00:00+00:00,-0.0005637041838740006,0.0,0.0,0.9395069731233344
2024-10-18 00:00:00+00:00,-0.0022423863978781704,-0.0016423863978781705,1.0,1.0
2024-10-21 00:00:00+00:00,-0.0006,-0.0,0.0,1.0
2024-10-22 00:00:00+00:00,-0.009737472564623827,-0.009137472564623828,1.0,1.0
2024-10-23 00:00:00+00:00,0.0021628025973028375,0.0021628025973028375,1.0,0.0
2024-10-24 00:00:00+00:00,-0.0003452972949489208,-0.0003452972949489208,1.0,0.0
2024-10-25 00:00:00+00:00,0.003091322288178766,0.003091322288178766,1.0,0.0
2024-10-28 00:00:00+00:00,0.0016182723864499593,0.0016182723864499593,1.0,0.0
2024-10-29 00:00:00+00:00,-0.0030249953719808653,-0.0030249953719808653,1.0,0.0
2024-10-30 00:00:00+00:00,-0.019603298940374936,-0.019603298940374936,1.0,0.0
2024-10-31 00:00:00+00:00,0.0042204792652209555,0.0042204792652209555,1.0,0.0
2024-11-01 00:00:00+00:00,-0.0019505081403620838,-0.0018719392105398956,0.8690517836296862,0.13094821637031384
2024-11-04 00:00:00+00:00,0.010850371865042124,0.01086822582723687,0.8988083872875943,0.02975660365790811
2024-11-05 00:00:00+00:00,0.023315014830026518,0.0233388882561517,0.9385974308295647,0.03978904354197044
2024-11-06 00:00:00+00:00,-0.0005631584584977388,0.0,0.0,0.9385974308295647
2024-11-07 00:00:00+00:00,0.0,0.0,0.0,0.0
2024-11-08 00:00:00+00:00,0.00025180126326581167,0.0006796780331453608,0.7131279497992484,0.7131279497992484
2024-11-11 00:00:00+00:00,-0.0022257618174094085,-0.0022240785314288844,0.7159334264334553,0.002805476634206827
2024-11-12 00:00:00+00:00,0.0003465675701370286,0.00035332420200813534,0.7271944795519665,0.011261053118511222
2024-11-13 00:00:00+00:00,-0.004793778982364676,-0.004783721302838273,0.7439572787626377,0.016762799210671253
2024-11-14 00:00:00+00:00,-0.00955803498880773,-0.009556735852836689,0.7461225053810413,0.0021652266184035707
2024-11-15 00:00:00+00:00,0.0029865046302232894,0.0029955008295750414,0.7311288397947882,0.014993665586253146
2024-11-18 00:00:00+00:00,0.002502707796656606,0.0025266753093083007,0.691182985375297,0.03994585441949117
2024-11-19 00:00:00+00:00,0.00023189973730518385,0.00023331823752817537,0.6888188183369778,0.0023641670383192093
2024-11-20 00:00:00+00:00,0.0036866886549614,0.003687807970742472,0.6869532920351904,0.001865526301787379
2024-11-21 00:00:00+00:00,-0.00041217197522111417,0.0,0.0,0.6869532920351904
2024-11-22 00:00:00+00:00,0.0,0.0,0.0,0.0
2024-11-25 00:00:00+00:00,0.0,0.0,0.0,0.0
2024-11-26 00:00:00+00:00,-0.0,-0.0,0.0,0.0
2024-11-27 00:00:00+00:00,0.0,0.0,0.0,0.0
2024-11-29 00:00:00+00:00,0.0,0.0,0.0,0.0
2024-12-02 00:00:00+00:00,0.0,0.0,0.0,0.0
2024-12-03 00:00:00+00:00,0.0,0.0,0.0,0.0
2024-12-04 00:00:00+00:00,-0.0,-0.0,0.0,0.0
2024-12-05 00:00:00+00:00,0.0,0.0,0.0,0.0
2024-12-06 00:00:00+00:00,-0.0,-0.0,0.0,0.0
2024-12-09 00:00:00+00:00,-0.0,-0.0,0.0,0.0
2024-12-10 00:00:00+00:00,0.007130532078060515,0.007730532078060515,1.0,1.0
2024-12-11 00:00:00+00:00,-0.0006,-0.0,0.0,1.0
2024-12-12 00:00:00+00:00,-0.0,-0.0,0.0,0.0
2024-12-13 00:00:00+00:00,0.0036701595219680756,0.0042701595219680755,1.0,1.0
2024-12-16 00:00:00+00:00,-0.0006,-0.0,0.0,1.0
2024-12-17 00:00:00+00:00,-0.0,-0.0,0.0,0.0
2024-12-18 00:00:00+00:00,-0.0,-0.0,0.0,0.0
2024-12-19 00:00:00+00:00,0.008980023671372468,0.00945220031930883,0.7869610798939363,0.7869610798939363
2024-12-20 00:00:00+00:00,-0.0004721766479363618,0.0,0.0,0.7869610798939363
2024-12-23 00:00:00+00:00,0.0,0.0,0.0,0.0
2024-12-24 00:00:00+00:00,0.0,0.0,0.0,0.0
2024-12-26 00:00:00+00:00,-0.0,-0.0,0.0,0.0
2024-12-27 00:00:00+00:00,-0.008678181117560108,-0.008244694332408481,0.7224779752527097,0.7224779752527097
2024-12-30 00:00:00+00:00,-0.002554193171590466,-0.002539552769140505,0.6980773045027742,0.02440067074993557
2024-12-31 00:00:00+00:00,-0.0016860616015390237,-0.0016766273704775466,0.6823535860669792,0.01572371843579501
2025-01-02 00:00:00+00:00,0.008537387932498926,0.008537672472566574,0.6828278195130588,0.0004742334460796638
2025-01-03 00:00:00+00:00,0.003935686328161178,0.003935939540657942,0.6832498403409996,0.0004220208279407389
2025-01-06 00:00:00+00:00,-0.00040994990420459976,-0.0,0.0,0.6832498403409996
2025-01-07 00:00:00+00:00,0.0,0.0,0.0,0.0
2025-01-08 00:00:00+00:00,-0.0,-0.0,0.0,0.0
2025-01-10 00:00:00+00:00,0.0,0.0,0.0,0.0
2025-01-13 00:00:00+00:00,0.00046818314853791623,0.0008302036251681001,0.6033674610503064,0.6033674610503064
2025-01-14 00:00:00+00:00,-0.00036202047663018384,0.0,0.0,0.6033674610503064
2025-01-15 00:00:00+00:00,-0.0,-0.0,0.0,0.0
2025-01-16 00:00:00+00:00,0.0,0.0,0.0,0.0
2025-01-17 00:00:00+00:00,0.0,0.0,0.0,0.0
2025-01-21 00:00:00+00:00,0.0,0.0,0.0,0.0
2025-01-22 00:00:00+00:00,0.0,0.0,0.0,0.0
2025-01-23 00:00:00+00:00,-0.0,-0.0,0.0,0.0
2025-01-24 00:00:00+00:00,-0.0,-0.0,0.0,0.0
2025-01-27 00:00:00+00:00,0.0,0.0,0.0,0.0
